{
  "description": "perpBL final15 320^3 cube",
  "stem": "t0273_x641-960_y321-640_z321-640",
  "cube_index": 5,
  "increment": "centered local-BL-perpendicular",
  "sigma_rule": "sigma_B(r)=r/2",
  "U_FILE": "/home/idies/workspace/Storage/elenceq/mhd_work/jhtdb_mhd1024/raw/mhd1024_velocity_t0273_x641-960_y321-640_z321-640.npy",
  "B_FILE": "/home/idies/workspace/Storage/elenceq/mhd_work/jhtdb_mhd1024/raw/mhd1024_magneticfield_t0273_x641-960_y321-640_z321-640.npy",
  "R_LIST": [
    32,
    40,
    48,
    64,
    80,
    96,
    128,
    160,
    192
  ],
  "N_SAMPLE": 100000,
  "NPHI": 8,
  "SEED": 17345,
  "BL_DOWNSAMPLE": 4,
  "summary": [
    {
      "r": 32,
      "sigma_full": 16.0,
      "sigma_ds": 4.0,
      "mean_abs_rhat_dot_bhat": 8.43232454843369e-09,
      "max_abs_rhat_dot_bhat": 7.14405173352084e-08,
      "n_valid": 800000,
      "n_total": 800000,
      "mean_angle_all_deg": 51.950645446777344,
      "mean_angle_top10_A_deg": 43.65752029418945,
      "mean_angle_top10_j_deg": 49.9914665222168,
      "mean_sin_theta": 0.7274993062019348,
      "A_weighted_mean_sin_theta": 0.681658148765564,
      "cov_A_sin_theta": -0.00912521779537201,
      "mean_A": 0.19906167685985565,
      "normalized_cov_A_sin_theta": -0.04584115807381844
    },
    {
      "r": 40,
      "sigma_full": 20.0,
      "sigma_ds": 5.0,
      "mean_abs_rhat_dot_bhat": 8.447961900860892e-09,
      "max_abs_rhat_dot_bhat": 6.712705252764906e-08,
      "n_valid": 800000,
      "n_total": 800000,
      "mean_angle_all_deg": 51.985511779785156,
      "mean_angle_top10_A_deg": 45.452476501464844,
      "mean_angle_top10_j_deg": 51.528709411621094,
      "mean_sin_theta": 0.7292547821998596,
      "A_weighted_mean_sin_theta": 0.6981976628303528,
      "cov_A_sin_theta": -0.007099077105522156,
      "mean_A": 0.22858135402202606,
      "normalized_cov_A_sin_theta": -0.03105711371732486
    },
    {
      "r": 48,
      "sigma_full": 24.0,
      "sigma_ds": 6.0,
      "mean_abs_rhat_dot_bhat": 8.548570003310777e-09,
      "max_abs_rhat_dot_bhat": 7.425221559831385e-08,
      "n_valid": 800000,
      "n_total": 800000,
      "mean_angle_all_deg": 52.113128662109375,
      "mean_angle_top10_A_deg": 46.61764907836914,
      "mean_angle_top10_j_deg": 53.21805953979492,
      "mean_sin_theta": 0.7307455539703369,
      "A_weighted_mean_sin_theta": 0.7052727937698364,
      "cov_A_sin_theta": -0.006443038582801819,
      "mean_A": 0.2529383599758148,
      "normalized_cov_A_sin_theta": -0.025472761756729512
    },
    {
      "r": 64,
      "sigma_full": 32.0,
      "sigma_ds": 8.0,
      "mean_abs_rhat_dot_bhat": 8.797358785809839e-09,
      "max_abs_rhat_dot_bhat": 6.752786757546758e-08,
      "n_valid": 800000,
      "n_total": 800000,
      "mean_angle_all_deg": 52.13676834106445,
      "mean_angle_top10_A_deg": 47.07508087158203,
      "mean_angle_top10_j_deg": 52.592315673828125,
      "mean_sin_theta": 0.730096161365509,
      "A_weighted_mean_sin_theta": 0.7093007564544678,
      "cov_A_sin_theta": -0.006145849823951721,
      "mean_A": 0.2955394983291626,
      "normalized_cov_A_sin_theta": -0.02079535851788808
    },
    {
      "r": 80,
      "sigma_full": 40.0,
      "sigma_ds": 10.0,
      "mean_abs_rhat_dot_bhat": 9.087955970979448e-09,
      "max_abs_rhat_dot_bhat": 7.472334223601607e-08,
      "n_valid": 800000,
      "n_total": 800000,
      "mean_angle_all_deg": 52.63679504394531,
      "mean_angle_top10_A_deg": 47.85287094116211,
      "mean_angle_top10_j_deg": 53.95201110839844,
      "mean_sin_theta": 0.7344987392425537,
      "A_weighted_mean_sin_theta": 0.7143995761871338,
      "cov_A_sin_theta": -0.0066673606634140015,
      "mean_A": 0.3317238986492157,
      "normalized_cov_A_sin_theta": -0.020099126685064254
    },
    {
      "r": 96,
      "sigma_full": 48.0,
      "sigma_ds": 12.0,
      "mean_abs_rhat_dot_bhat": 9.598390905483577e-09,
      "max_abs_rhat_dot_bhat": 6.874725960726025e-08,
      "n_valid": 800000,
      "n_total": 800000,
      "mean_angle_all_deg": 52.793479919433594,
      "mean_angle_top10_A_deg": 48.029788970947266,
      "mean_angle_top10_j_deg": 54.56511688232422,
      "mean_sin_theta": 0.7356196045875549,
      "A_weighted_mean_sin_theta": 0.7166288495063782,
      "cov_A_sin_theta": -0.006968557834625244,
      "mean_A": 0.3669445812702179,
      "normalized_cov_A_sin_theta": -0.01899076370198147
    },
    {
      "r": 128,
      "sigma_full": 64.0,
      "sigma_ds": 16.0,
      "mean_abs_rhat_dot_bhat": 1.0989086270604844e-08,
      "max_abs_rhat_dot_bhat": 7.405307733687749e-08,
      "n_valid": 800000,
      "n_total": 800000,
      "mean_angle_all_deg": 53.53990173339844,
      "mean_angle_top10_A_deg": 49.27262878417969,
      "mean_angle_top10_j_deg": 54.70539093017578,
      "mean_sin_theta": 0.7432124018669128,
      "A_weighted_mean_sin_theta": 0.7229787707328796,
      "cov_A_sin_theta": -0.00858992338180542,
      "mean_A": 0.4245375096797943,
      "normalized_cov_A_sin_theta": -0.020233602887726774
    },
    {
      "r": 160,
      "sigma_full": 80.0,
      "sigma_ds": 20.0,
      "mean_abs_rhat_dot_bhat": 1.2069906549923017e-08,
      "max_abs_rhat_dot_bhat": 7.656321260318677e-08,
      "n_valid": 800000,
      "n_total": 800000,
      "mean_angle_all_deg": 53.05485534667969,
      "mean_angle_top10_A_deg": 48.73972702026367,
      "mean_angle_top10_j_deg": 52.851707458496094,
      "mean_sin_theta": 0.7390726804733276,
      "A_weighted_mean_sin_theta": 0.7219655513763428,
      "cov_A_sin_theta": -0.007782042026519775,
      "mean_A": 0.4549017548561096,
      "normalized_cov_A_sin_theta": -0.01710708288865872
    },
    {
      "r": 192,
      "sigma_full": 96.0,
      "sigma_ds": 24.0,
      "mean_abs_rhat_dot_bhat": 1.2971930668211713e-08,
      "max_abs_rhat_dot_bhat": 7.683778113776185e-08,
      "n_valid": 800000,
      "n_total": 800000,
      "mean_angle_all_deg": 52.39741134643555,
      "mean_angle_top10_A_deg": 47.61247253417969,
      "mean_angle_top10_j_deg": 52.170013427734375,
      "mean_sin_theta": 0.730626106262207,
      "A_weighted_mean_sin_theta": 0.7105447053909302,
      "cov_A_sin_theta": -0.009546488523483276,
      "mean_A": 0.47539040446281433,
      "normalized_cov_A_sin_theta": -0.02008136561837149
    }
  ],
  "OUT_NPZ": "/home/idies/workspace/Storage/elenceq/mhd_work/jhtdb_mhd1024/processed/perpBL_v1/per_cube/perpBL_320_final15_v1_t0273_x641-960_y321-640_z321-640.npz"
}