{
  "description": "perpBL final15 320^3 cube",
  "stem": "t0553_x321-640_y641-960_z321-640",
  "cube_index": 10,
  "increment": "centered local-BL-perpendicular",
  "sigma_rule": "sigma_B(r)=r/2",
  "U_FILE": "/home/idies/workspace/Storage/elenceq/mhd_work/jhtdb_mhd1024/raw/mhd1024_velocity_t0553_x321-640_y641-960_z321-640.npy",
  "B_FILE": "/home/idies/workspace/Storage/elenceq/mhd_work/jhtdb_mhd1024/raw/mhd1024_magneticfield_t0553_x321-640_y641-960_z321-640.npy",
  "R_LIST": [
    32,
    40,
    48,
    64,
    80,
    96,
    128,
    160,
    192
  ],
  "N_SAMPLE": 100000,
  "NPHI": 8,
  "SEED": 22345,
  "BL_DOWNSAMPLE": 4,
  "summary": [
    {
      "r": 32,
      "sigma_full": 16.0,
      "sigma_ds": 4.0,
      "mean_abs_rhat_dot_bhat": 9.878606491709465e-09,
      "max_abs_rhat_dot_bhat": 7.164284665517329e-08,
      "n_valid": 800000,
      "n_total": 800000,
      "mean_angle_all_deg": 52.61351013183594,
      "mean_angle_top10_A_deg": 43.625213623046875,
      "mean_angle_top10_j_deg": 50.43763732910156,
      "mean_sin_theta": 0.7345927357673645,
      "A_weighted_mean_sin_theta": 0.6863100528717041,
      "cov_A_sin_theta": -0.015573635697364807,
      "mean_A": 0.32255110144615173,
      "normalized_cov_A_sin_theta": -0.04828269265719667
    },
    {
      "r": 40,
      "sigma_full": 20.0,
      "sigma_ds": 5.0,
      "mean_abs_rhat_dot_bhat": 9.947957390053422e-09,
      "max_abs_rhat_dot_bhat": 7.142142716132227e-08,
      "n_valid": 800000,
      "n_total": 800000,
      "mean_angle_all_deg": 53.09917449951172,
      "mean_angle_top10_A_deg": 44.29826736450195,
      "mean_angle_top10_j_deg": 50.89036560058594,
      "mean_sin_theta": 0.7393245100975037,
      "A_weighted_mean_sin_theta": 0.6952067613601685,
      "cov_A_sin_theta": -0.015631064772605896,
      "mean_A": 0.35430315136909485,
      "normalized_cov_A_sin_theta": -0.0441177695208312
    },
    {
      "r": 48,
      "sigma_full": 24.0,
      "sigma_ds": 6.0,
      "mean_abs_rhat_dot_bhat": 9.867625883331003e-09,
      "max_abs_rhat_dot_bhat": 7.508296046010443e-08,
      "n_valid": 800000,
      "n_total": 800000,
      "mean_angle_all_deg": 53.34269332885742,
      "mean_angle_top10_A_deg": 43.56666946411133,
      "mean_angle_top10_j_deg": 50.96260452270508,
      "mean_sin_theta": 0.7419273257255554,
      "A_weighted_mean_sin_theta": 0.6983156800270081,
      "cov_A_sin_theta": -0.01644313335418701,
      "mean_A": 0.3770348131656647,
      "normalized_cov_A_sin_theta": -0.04361171112059112
    },
    {
      "r": 64,
      "sigma_full": 32.0,
      "sigma_ds": 8.0,
      "mean_abs_rhat_dot_bhat": 9.99984508667124e-09,
      "max_abs_rhat_dot_bhat": 7.193319007114951e-08,
      "n_valid": 800000,
      "n_total": 800000,
      "mean_angle_all_deg": 53.114715576171875,
      "mean_angle_top10_A_deg": 44.59777069091797,
      "mean_angle_top10_j_deg": 50.68851852416992,
      "mean_sin_theta": 0.739577054977417,
      "A_weighted_mean_sin_theta": 0.7021408081054688,
      "cov_A_sin_theta": -0.015568703413009644,
      "mean_A": 0.415872722864151,
      "normalized_cov_A_sin_theta": -0.037436221605943884
    },
    {
      "r": 80,
      "sigma_full": 40.0,
      "sigma_ds": 10.0,
      "mean_abs_rhat_dot_bhat": 1.0203948843370069e-08,
      "max_abs_rhat_dot_bhat": 7.081853636847768e-08,
      "n_valid": 800000,
      "n_total": 800000,
      "mean_angle_all_deg": 52.9353141784668,
      "mean_angle_top10_A_deg": 43.75370788574219,
      "mean_angle_top10_j_deg": 50.14842987060547,
      "mean_sin_theta": 0.737334668636322,
      "A_weighted_mean_sin_theta": 0.6990747451782227,
      "cov_A_sin_theta": -0.017284750938415527,
      "mean_A": 0.45177215337753296,
      "normalized_cov_A_sin_theta": -0.03825988567288068
    },
    {
      "r": 96,
      "sigma_full": 48.0,
      "sigma_ds": 12.0,
      "mean_abs_rhat_dot_bhat": 1.0499249920387614e-08,
      "max_abs_rhat_dot_bhat": 7.152368969309819e-08,
      "n_valid": 800000,
      "n_total": 800000,
      "mean_angle_all_deg": 52.21807098388672,
      "mean_angle_top10_A_deg": 42.963523864746094,
      "mean_angle_top10_j_deg": 49.53451919555664,
      "mean_sin_theta": 0.7297340631484985,
      "A_weighted_mean_sin_theta": 0.6942574381828308,
      "cov_A_sin_theta": -0.01702880859375,
      "mean_A": 0.4800008237361908,
      "normalized_cov_A_sin_theta": -0.03547662368827321
    },
    {
      "r": 128,
      "sigma_full": 64.0,
      "sigma_ds": 16.0,
      "mean_abs_rhat_dot_bhat": 1.0611660170705541e-08,
      "max_abs_rhat_dot_bhat": 7.74728042829409e-08,
      "n_valid": 800000,
      "n_total": 800000,
      "mean_angle_all_deg": 51.22991180419922,
      "mean_angle_top10_A_deg": 37.15448760986328,
      "mean_angle_top10_j_deg": 49.472442626953125,
      "mean_sin_theta": 0.7183127999305725,
      "A_weighted_mean_sin_theta": 0.6702675223350525,
      "cov_A_sin_theta": -0.025460779666900635,
      "mean_A": 0.5299334526062012,
      "normalized_cov_A_sin_theta": -0.04804523953278487
    },
    {
      "r": 160,
      "sigma_full": 80.0,
      "sigma_ds": 20.0,
      "mean_abs_rhat_dot_bhat": 8.682793878122445e-09,
      "max_abs_rhat_dot_bhat": 7.159255493993655e-08,
      "n_valid": 800000,
      "n_total": 800000,
      "mean_angle_all_deg": 51.11843490600586,
      "mean_angle_top10_A_deg": 42.238128662109375,
      "mean_angle_top10_j_deg": 51.17033767700195,
      "mean_sin_theta": 0.7174213528633118,
      "A_weighted_mean_sin_theta": 0.6881580948829651,
      "cov_A_sin_theta": -0.014830857515335083,
      "mean_A": 0.5068072080612183,
      "normalized_cov_A_sin_theta": -0.029263312122316212
    },
    {
      "r": 192,
      "sigma_full": 96.0,
      "sigma_ds": 24.0,
      "mean_abs_rhat_dot_bhat": 7.7658038975461e-09,
      "max_abs_rhat_dot_bhat": 7.052645378813338e-08,
      "n_valid": 800000,
      "n_total": 800000,
      "mean_angle_all_deg": 50.77552032470703,
      "mean_angle_top10_A_deg": 41.587738037109375,
      "mean_angle_top10_j_deg": 51.044307708740234,
      "mean_sin_theta": 0.7146564722061157,
      "A_weighted_mean_sin_theta": 0.6827235221862793,
      "cov_A_sin_theta": -0.01597997546195984,
      "mean_A": 0.5004215836524963,
      "normalized_cov_A_sin_theta": -0.03193302604041292
    }
  ],
  "OUT_NPZ": "/home/idies/workspace/Storage/elenceq/mhd_work/jhtdb_mhd1024/processed/perpBL_v1/per_cube/perpBL_320_final15_v1_t0553_x321-640_y641-960_z321-640.npz"
}