{
  "description": "perpBL final15 320^3 cube",
  "stem": "t0699_x1-320_y321-640_z1-320",
  "cube_index": 11,
  "increment": "centered local-BL-perpendicular",
  "sigma_rule": "sigma_B(r)=r/2",
  "U_FILE": "/home/idies/workspace/Storage/elenceq/mhd_work/jhtdb_mhd1024/raw/mhd1024_velocity_t0699_x1-320_y321-640_z1-320.npy",
  "B_FILE": "/home/idies/workspace/Storage/elenceq/mhd_work/jhtdb_mhd1024/raw/mhd1024_magneticfield_t0699_x1-320_y321-640_z1-320.npy",
  "R_LIST": [
    32,
    40,
    48,
    64,
    80,
    96,
    128,
    160,
    192
  ],
  "N_SAMPLE": 100000,
  "NPHI": 8,
  "SEED": 23345,
  "BL_DOWNSAMPLE": 4,
  "summary": [
    {
      "r": 32,
      "sigma_full": 16.0,
      "sigma_ds": 4.0,
      "mean_abs_rhat_dot_bhat": 1.0552648478779875e-08,
      "max_abs_rhat_dot_bhat": 7.702806525955452e-08,
      "n_valid": 800000,
      "n_total": 800000,
      "mean_angle_all_deg": 53.46033477783203,
      "mean_angle_top10_A_deg": 48.19276428222656,
      "mean_angle_top10_j_deg": 54.066749572753906,
      "mean_sin_theta": 0.7434934973716736,
      "A_weighted_mean_sin_theta": 0.723590612411499,
      "cov_A_sin_theta": -0.004528462886810303,
      "mean_A": 0.2275276631116867,
      "normalized_cov_A_sin_theta": -0.01990291125430059
    },
    {
      "r": 40,
      "sigma_full": 20.0,
      "sigma_ds": 5.0,
      "mean_abs_rhat_dot_bhat": 1.085998847616336e-08,
      "max_abs_rhat_dot_bhat": 7.149492642355426e-08,
      "n_valid": 800000,
      "n_total": 800000,
      "mean_angle_all_deg": 54.23490905761719,
      "mean_angle_top10_A_deg": 48.53716278076172,
      "mean_angle_top10_j_deg": 54.77685546875,
      "mean_sin_theta": 0.7515196204185486,
      "A_weighted_mean_sin_theta": 0.7334900498390198,
      "cov_A_sin_theta": -0.004589959979057312,
      "mean_A": 0.25457823276519775,
      "normalized_cov_A_sin_theta": -0.018029663923744485
    },
    {
      "r": 48,
      "sigma_full": 24.0,
      "sigma_ds": 6.0,
      "mean_abs_rhat_dot_bhat": 1.111378120117223e-08,
      "max_abs_rhat_dot_bhat": 7.343365804324264e-08,
      "n_valid": 800000,
      "n_total": 800000,
      "mean_angle_all_deg": 54.224884033203125,
      "mean_angle_top10_A_deg": 47.895198822021484,
      "mean_angle_top10_j_deg": 55.17633819580078,
      "mean_sin_theta": 0.7521620392799377,
      "A_weighted_mean_sin_theta": 0.7342554926872253,
      "cov_A_sin_theta": -0.005036517977714539,
      "mean_A": 0.2812669277191162,
      "normalized_cov_A_sin_theta": -0.017906541727309638
    },
    {
      "r": 64,
      "sigma_full": 32.0,
      "sigma_ds": 8.0,
      "mean_abs_rhat_dot_bhat": 1.1507072130878267e-08,
      "max_abs_rhat_dot_bhat": 7.117939515577376e-08,
      "n_valid": 800000,
      "n_total": 800000,
      "mean_angle_all_deg": 52.58454513549805,
      "mean_angle_top10_A_deg": 43.949432373046875,
      "mean_angle_top10_j_deg": 52.67483901977539,
      "mean_sin_theta": 0.7346598505973816,
      "A_weighted_mean_sin_theta": 0.7092600464820862,
      "cov_A_sin_theta": -0.008389770984649658,
      "mean_A": 0.3303086757659912,
      "normalized_cov_A_sin_theta": -0.025399789954634534
    },
    {
      "r": 80,
      "sigma_full": 40.0,
      "sigma_ds": 10.0,
      "mean_abs_rhat_dot_bhat": 1.1812471280646285e-08,
      "max_abs_rhat_dot_bhat": 7.188014061743075e-08,
      "n_valid": 800000,
      "n_total": 800000,
      "mean_angle_all_deg": 50.66886520385742,
      "mean_angle_top10_A_deg": 40.52570724487305,
      "mean_angle_top10_j_deg": 49.68666076660156,
      "mean_sin_theta": 0.7138824462890625,
      "A_weighted_mean_sin_theta": 0.6834380626678467,
      "cov_A_sin_theta": -0.011589497327804565,
      "mean_A": 0.3806783854961395,
      "normalized_cov_A_sin_theta": -0.03044432720470833
    },
    {
      "r": 96,
      "sigma_full": 48.0,
      "sigma_ds": 12.0,
      "mean_abs_rhat_dot_bhat": 1.1844111804362323e-08,
      "max_abs_rhat_dot_bhat": 7.379338967661297e-08,
      "n_valid": 800000,
      "n_total": 800000,
      "mean_angle_all_deg": 49.62498092651367,
      "mean_angle_top10_A_deg": 39.308048248291016,
      "mean_angle_top10_j_deg": 48.265079498291016,
      "mean_sin_theta": 0.7020854949951172,
      "A_weighted_mean_sin_theta": 0.6718652844429016,
      "cov_A_sin_theta": -0.013378292322158813,
      "mean_A": 0.44269269704818726,
      "normalized_cov_A_sin_theta": -0.03022026884871467
    },
    {
      "r": 128,
      "sigma_full": 64.0,
      "sigma_ds": 16.0,
      "mean_abs_rhat_dot_bhat": 1.2225167041186744e-08,
      "max_abs_rhat_dot_bhat": 7.427290166228673e-08,
      "n_valid": 800000,
      "n_total": 800000,
      "mean_angle_all_deg": 48.17292022705078,
      "mean_angle_top10_A_deg": 36.47239685058594,
      "mean_angle_top10_j_deg": 47.04069900512695,
      "mean_sin_theta": 0.6858732104301453,
      "A_weighted_mean_sin_theta": 0.6493238210678101,
      "cov_A_sin_theta": -0.018897652626037598,
      "mean_A": 0.5170435905456543,
      "normalized_cov_A_sin_theta": -0.0365494379421554
    },
    {
      "r": 160,
      "sigma_full": 80.0,
      "sigma_ds": 20.0,
      "mean_abs_rhat_dot_bhat": 1.1123448155610683e-08,
      "max_abs_rhat_dot_bhat": 7.389080952657778e-08,
      "n_valid": 800000,
      "n_total": 800000,
      "mean_angle_all_deg": 50.44697189331055,
      "mean_angle_top10_A_deg": 41.37043762207031,
      "mean_angle_top10_j_deg": 50.27122116088867,
      "mean_sin_theta": 0.7090106010437012,
      "A_weighted_mean_sin_theta": 0.6788488030433655,
      "cov_A_sin_theta": -0.016516953706741333,
      "mean_A": 0.5476124882698059,
      "normalized_cov_A_sin_theta": -0.03016175500110858
    },
    {
      "r": 192,
      "sigma_full": 96.0,
      "sigma_ds": 24.0,
      "mean_abs_rhat_dot_bhat": 1.018133716925262e-08,
      "max_abs_rhat_dot_bhat": 7.429720449980692e-08,
      "n_valid": 800000,
      "n_total": 800000,
      "mean_angle_all_deg": 49.626373291015625,
      "mean_angle_top10_A_deg": 38.01968002319336,
      "mean_angle_top10_j_deg": 49.773536682128906,
      "mean_sin_theta": 0.700707733631134,
      "A_weighted_mean_sin_theta": 0.6626789569854736,
      "cov_A_sin_theta": -0.022186577320098877,
      "mean_A": 0.5834155678749084,
      "normalized_cov_A_sin_theta": -0.03802877149972789
    }
  ],
  "OUT_NPZ": "/home/idies/workspace/Storage/elenceq/mhd_work/jhtdb_mhd1024/processed/perpBL_v1/per_cube/perpBL_320_final15_v1_t0699_x1-320_y321-640_z1-320.npz"
}