{
  "description": "perpBL final15 320^3 cube",
  "stem": "t0217_x321-640_y1-320_z641-960",
  "cube_index": 3,
  "increment": "centered local-BL-perpendicular",
  "sigma_rule": "sigma_B(r)=r/2",
  "U_FILE": "/home/idies/workspace/Storage/elenceq/mhd_work/jhtdb_mhd1024/raw/mhd1024_velocity_t0217_x321-640_y1-320_z641-960.npy",
  "B_FILE": "/home/idies/workspace/Storage/elenceq/mhd_work/jhtdb_mhd1024/raw/mhd1024_magneticfield_t0217_x321-640_y1-320_z641-960.npy",
  "R_LIST": [
    32,
    40,
    48,
    64,
    80,
    96,
    128,
    160,
    192
  ],
  "N_SAMPLE": 100000,
  "NPHI": 8,
  "SEED": 15345,
  "BL_DOWNSAMPLE": 4,
  "summary": [
    {
      "r": 32,
      "sigma_full": 16.0,
      "sigma_ds": 4.0,
      "mean_abs_rhat_dot_bhat": 8.341946166718273e-09,
      "max_abs_rhat_dot_bhat": 7.246035949037832e-08,
      "n_valid": 800000,
      "n_total": 800000,
      "mean_angle_all_deg": 48.46924591064453,
      "mean_angle_top10_A_deg": 34.34916305541992,
      "mean_angle_top10_j_deg": 45.62157440185547,
      "mean_sin_theta": 0.687549352645874,
      "A_weighted_mean_sin_theta": 0.6159774661064148,
      "cov_A_sin_theta": -0.019891947507858276,
      "mean_A": 0.2779296338558197,
      "normalized_cov_A_sin_theta": -0.07157188397613452
    },
    {
      "r": 40,
      "sigma_full": 20.0,
      "sigma_ds": 5.0,
      "mean_abs_rhat_dot_bhat": 8.260624027146974e-09,
      "max_abs_rhat_dot_bhat": 7.5585552095081e-08,
      "n_valid": 800000,
      "n_total": 800000,
      "mean_angle_all_deg": 49.00422668457031,
      "mean_angle_top10_A_deg": 34.687686920166016,
      "mean_angle_top10_j_deg": 47.92959213256836,
      "mean_sin_theta": 0.6929067969322205,
      "A_weighted_mean_sin_theta": 0.6273951530456543,
      "cov_A_sin_theta": -0.02077627182006836,
      "mean_A": 0.31713876128196716,
      "normalized_cov_A_sin_theta": -0.06551161307461952
    },
    {
      "r": 48,
      "sigma_full": 24.0,
      "sigma_ds": 6.0,
      "mean_abs_rhat_dot_bhat": 8.292897842612562e-09,
      "max_abs_rhat_dot_bhat": 6.895657883587702e-08,
      "n_valid": 800000,
      "n_total": 800000,
      "mean_angle_all_deg": 49.24932861328125,
      "mean_angle_top10_A_deg": 34.870758056640625,
      "mean_angle_top10_j_deg": 49.030738830566406,
      "mean_sin_theta": 0.6957636475563049,
      "A_weighted_mean_sin_theta": 0.6345722079277039,
      "cov_A_sin_theta": -0.021745890378952026,
      "mean_A": 0.35537442564964294,
      "normalized_cov_A_sin_theta": -0.06119148934029062
    },
    {
      "r": 64,
      "sigma_full": 32.0,
      "sigma_ds": 8.0,
      "mean_abs_rhat_dot_bhat": 8.70673358393849e-09,
      "max_abs_rhat_dot_bhat": 7.081248176721289e-08,
      "n_valid": 800000,
      "n_total": 800000,
      "mean_angle_all_deg": 49.929115295410156,
      "mean_angle_top10_A_deg": 35.429473876953125,
      "mean_angle_top10_j_deg": 50.898311614990234,
      "mean_sin_theta": 0.704651415348053,
      "A_weighted_mean_sin_theta": 0.6504808664321899,
      "cov_A_sin_theta": -0.023330092430114746,
      "mean_A": 0.43067827820777893,
      "normalized_cov_A_sin_theta": -0.0541705807109669
    },
    {
      "r": 80,
      "sigma_full": 40.0,
      "sigma_ds": 10.0,
      "mean_abs_rhat_dot_bhat": 9.173572988051008e-09,
      "max_abs_rhat_dot_bhat": 7.291336096004741e-08,
      "n_valid": 800000,
      "n_total": 800000,
      "mean_angle_all_deg": 50.473854064941406,
      "mean_angle_top10_A_deg": 36.328399658203125,
      "mean_angle_top10_j_deg": 50.96988296508789,
      "mean_sin_theta": 0.7115386724472046,
      "A_weighted_mean_sin_theta": 0.6618776321411133,
      "cov_A_sin_theta": -0.024517923593521118,
      "mean_A": 0.4937056005001068,
      "normalized_cov_A_sin_theta": -0.049661019783217575
    },
    {
      "r": 96,
      "sigma_full": 48.0,
      "sigma_ds": 12.0,
      "mean_abs_rhat_dot_bhat": 9.848514049306507e-09,
      "max_abs_rhat_dot_bhat": 7.032487064906334e-08,
      "n_valid": 800000,
      "n_total": 800000,
      "mean_angle_all_deg": 50.13132858276367,
      "mean_angle_top10_A_deg": 36.822933197021484,
      "mean_angle_top10_j_deg": 49.72298812866211,
      "mean_sin_theta": 0.7082513570785522,
      "A_weighted_mean_sin_theta": 0.6622060537338257,
      "cov_A_sin_theta": -0.025078803300857544,
      "mean_A": 0.5446544289588928,
      "normalized_cov_A_sin_theta": -0.04604534906435203
    },
    {
      "r": 128,
      "sigma_full": 64.0,
      "sigma_ds": 16.0,
      "mean_abs_rhat_dot_bhat": 1.0839696931713713e-08,
      "max_abs_rhat_dot_bhat": 7.014566599794492e-08,
      "n_valid": 800000,
      "n_total": 800000,
      "mean_angle_all_deg": 49.80711364746094,
      "mean_angle_top10_A_deg": 36.138954162597656,
      "mean_angle_top10_j_deg": 50.72828674316406,
      "mean_sin_theta": 0.7027141451835632,
      "A_weighted_mean_sin_theta": 0.6514219045639038,
      "cov_A_sin_theta": -0.030226469039916992,
      "mean_A": 0.5892996191978455,
      "normalized_cov_A_sin_theta": -0.05129219170557289
    },
    {
      "r": 160,
      "sigma_full": 80.0,
      "sigma_ds": 20.0,
      "mean_abs_rhat_dot_bhat": 8.611500184240185e-09,
      "max_abs_rhat_dot_bhat": 6.545748548747454e-08,
      "n_valid": 800000,
      "n_total": 800000,
      "mean_angle_all_deg": 49.03801345825195,
      "mean_angle_top10_A_deg": 32.77647018432617,
      "mean_angle_top10_j_deg": 50.43346405029297,
      "mean_sin_theta": 0.6936017870903015,
      "A_weighted_mean_sin_theta": 0.6366863250732422,
      "cov_A_sin_theta": -0.03359067440032959,
      "mean_A": 0.5901852250099182,
      "normalized_cov_A_sin_theta": -0.05691547835641784
    },
    {
      "r": 192,
      "sigma_full": 96.0,
      "sigma_ds": 24.0,
      "mean_abs_rhat_dot_bhat": 6.2484354432706266e-09,
      "max_abs_rhat_dot_bhat": 6.44111234349154e-08,
      "n_valid": 800000,
      "n_total": 800000,
      "mean_angle_all_deg": 47.369590759277344,
      "mean_angle_top10_A_deg": 29.839828491210938,
      "mean_angle_top10_j_deg": 48.582122802734375,
      "mean_sin_theta": 0.6744083762168884,
      "A_weighted_mean_sin_theta": 0.6096525192260742,
      "cov_A_sin_theta": -0.038408368825912476,
      "mean_A": 0.5931255221366882,
      "normalized_cov_A_sin_theta": -0.06475588622042318
    }
  ],
  "OUT_NPZ": "/home/idies/workspace/Storage/elenceq/mhd_work/jhtdb_mhd1024/processed/perpBL_v1/per_cube/perpBL_320_final15_v1_t0217_x321-640_y1-320_z641-960.npz"
}