{
  "description": "perpBL final15 320^3 cube",
  "stem": "t0825_x641-960_y641-960_z1-320",
  "cube_index": 13,
  "increment": "centered local-BL-perpendicular",
  "sigma_rule": "sigma_B(r)=r/2",
  "U_FILE": "/home/idies/workspace/Storage/elenceq/mhd_work/jhtdb_mhd1024/raw/mhd1024_velocity_t0825_x641-960_y641-960_z1-320.npy",
  "B_FILE": "/home/idies/workspace/Storage/elenceq/mhd_work/jhtdb_mhd1024/raw/mhd1024_magneticfield_t0825_x641-960_y641-960_z1-320.npy",
  "R_LIST": [
    32,
    40,
    48,
    64,
    80,
    96,
    128,
    160,
    192
  ],
  "N_SAMPLE": 100000,
  "NPHI": 8,
  "SEED": 25345,
  "BL_DOWNSAMPLE": 4,
  "summary": [
    {
      "r": 32,
      "sigma_full": 16.0,
      "sigma_ds": 4.0,
      "mean_abs_rhat_dot_bhat": 8.186036220124478e-09,
      "max_abs_rhat_dot_bhat": 6.792531626054199e-08,
      "n_valid": 800000,
      "n_total": 800000,
      "mean_angle_all_deg": 48.32646560668945,
      "mean_angle_top10_A_deg": 28.348346710205078,
      "mean_angle_top10_j_deg": 44.79071807861328,
      "mean_sin_theta": 0.6851927638053894,
      "A_weighted_mean_sin_theta": 0.5789263248443604,
      "cov_A_sin_theta": -0.02346120774745941,
      "mean_A": 0.22077718377113342,
      "normalized_cov_A_sin_theta": -0.10626645084747639
    },
    {
      "r": 40,
      "sigma_full": 20.0,
      "sigma_ds": 5.0,
      "mean_abs_rhat_dot_bhat": 8.607587875172094e-09,
      "max_abs_rhat_dot_bhat": 6.86119215331793e-08,
      "n_valid": 800000,
      "n_total": 800000,
      "mean_angle_all_deg": 48.78377914428711,
      "mean_angle_top10_A_deg": 28.386234283447266,
      "mean_angle_top10_j_deg": 46.022422790527344,
      "mean_sin_theta": 0.6896448731422424,
      "A_weighted_mean_sin_theta": 0.5861718654632568,
      "cov_A_sin_theta": -0.0244046151638031,
      "mean_A": 0.23585478961467743,
      "normalized_cov_A_sin_theta": -0.10347305307504505
    },
    {
      "r": 48,
      "sigma_full": 24.0,
      "sigma_ds": 6.0,
      "mean_abs_rhat_dot_bhat": 9.135593410316184e-09,
      "max_abs_rhat_dot_bhat": 6.555796552842885e-08,
      "n_valid": 800000,
      "n_total": 800000,
      "mean_angle_all_deg": 48.86056137084961,
      "mean_angle_top10_A_deg": 29.692678451538086,
      "mean_angle_top10_j_deg": 46.91165542602539,
      "mean_sin_theta": 0.690468430519104,
      "A_weighted_mean_sin_theta": 0.5963600873947144,
      "cov_A_sin_theta": -0.023636430501937866,
      "mean_A": 0.251162052154541,
      "normalized_cov_A_sin_theta": -0.09410828705681333
    },
    {
      "r": 64,
      "sigma_full": 32.0,
      "sigma_ds": 8.0,
      "mean_abs_rhat_dot_bhat": 1.0016251551779153e-08,
      "max_abs_rhat_dot_bhat": 6.628409607301045e-08,
      "n_valid": 800000,
      "n_total": 800000,
      "mean_angle_all_deg": 49.405784606933594,
      "mean_angle_top10_A_deg": 35.21235275268555,
      "mean_angle_top10_j_deg": 48.802371978759766,
      "mean_sin_theta": 0.6977257132530212,
      "A_weighted_mean_sin_theta": 0.6326596140861511,
      "cov_A_sin_theta": -0.01747061312198639,
      "mean_A": 0.2685058116912842,
      "normalized_cov_A_sin_theta": -0.065066052060256
    },
    {
      "r": 80,
      "sigma_full": 40.0,
      "sigma_ds": 10.0,
      "mean_abs_rhat_dot_bhat": 1.0678729839827396e-08,
      "max_abs_rhat_dot_bhat": 6.62717341282093e-08,
      "n_valid": 800000,
      "n_total": 800000,
      "mean_angle_all_deg": 50.226280212402344,
      "mean_angle_top10_A_deg": 37.89762496948242,
      "mean_angle_top10_j_deg": 50.22084045410156,
      "mean_sin_theta": 0.7066653966903687,
      "A_weighted_mean_sin_theta": 0.6543348431587219,
      "cov_A_sin_theta": -0.014628931879997253,
      "mean_A": 0.27954837679862976,
      "normalized_cov_A_sin_theta": -0.052330591390037214
    },
    {
      "r": 96,
      "sigma_full": 48.0,
      "sigma_ds": 12.0,
      "mean_abs_rhat_dot_bhat": 1.1049809677548327e-08,
      "max_abs_rhat_dot_bhat": 6.683918330266381e-08,
      "n_valid": 800000,
      "n_total": 800000,
      "mean_angle_all_deg": 50.81438446044922,
      "mean_angle_top10_A_deg": 41.743167877197266,
      "mean_angle_top10_j_deg": 50.75973892211914,
      "mean_sin_theta": 0.7142221331596375,
      "A_weighted_mean_sin_theta": 0.6747567057609558,
      "cov_A_sin_theta": -0.011241987347602844,
      "mean_A": 0.28485700488090515,
      "normalized_cov_A_sin_theta": -0.03946537088776513
    },
    {
      "r": 128,
      "sigma_full": 64.0,
      "sigma_ds": 16.0,
      "mean_abs_rhat_dot_bhat": 1.1389722928166571e-08,
      "max_abs_rhat_dot_bhat": 7.219117553747267e-08,
      "n_valid": 800000,
      "n_total": 800000,
      "mean_angle_all_deg": 51.49909591674805,
      "mean_angle_top10_A_deg": 45.70028305053711,
      "mean_angle_top10_j_deg": 51.697750091552734,
      "mean_sin_theta": 0.7225909233093262,
      "A_weighted_mean_sin_theta": 0.6992700099945068,
      "cov_A_sin_theta": -0.0067008137702941895,
      "mean_A": 0.2873308062553406,
      "normalized_cov_A_sin_theta": -0.02332090268225335
    },
    {
      "r": 160,
      "sigma_full": 80.0,
      "sigma_ds": 20.0,
      "mean_abs_rhat_dot_bhat": 1.121380905891068e-08,
      "max_abs_rhat_dot_bhat": 6.96720693638131e-08,
      "n_valid": 800000,
      "n_total": 800000,
      "mean_angle_all_deg": 51.67435073852539,
      "mean_angle_top10_A_deg": 48.491493225097656,
      "mean_angle_top10_j_deg": 52.470211029052734,
      "mean_sin_theta": 0.7240939736366272,
      "A_weighted_mean_sin_theta": 0.7084696888923645,
      "cov_A_sin_theta": -0.004823207855224609,
      "mean_A": 0.30869966745376587,
      "normalized_cov_A_sin_theta": -0.015624272921988114
    },
    {
      "r": 192,
      "sigma_full": 96.0,
      "sigma_ds": 24.0,
      "mean_abs_rhat_dot_bhat": 1.098937210314692e-08,
      "max_abs_rhat_dot_bhat": 6.637963864686292e-08,
      "n_valid": 800000,
      "n_total": 800000,
      "mean_angle_all_deg": 53.42800521850586,
      "mean_angle_top10_A_deg": 50.05476379394531,
      "mean_angle_top10_j_deg": 53.58432388305664,
      "mean_sin_theta": 0.7435275912284851,
      "A_weighted_mean_sin_theta": 0.7291381359100342,
      "cov_A_sin_theta": -0.004551351070404053,
      "mean_A": 0.3162958323955536,
      "normalized_cov_A_sin_theta": -0.014389538540337829
    }
  ],
  "OUT_NPZ": "/home/idies/workspace/Storage/elenceq/mhd_work/jhtdb_mhd1024/processed/perpBL_v1/per_cube/perpBL_320_final15_v1_t0825_x641-960_y641-960_z1-320.npz"
}