{
  "description": "perpBL final15 320^3 cube",
  "stem": "t0302_x321-640_y321-640_z321-640",
  "cube_index": 7,
  "increment": "centered local-BL-perpendicular",
  "sigma_rule": "sigma_B(r)=r/2",
  "U_FILE": "/home/idies/workspace/Storage/elenceq/mhd_work/jhtdb_mhd1024/raw/mhd1024_velocity_t0302_x321-640_y321-640_z321-640.npy",
  "B_FILE": "/home/idies/workspace/Storage/elenceq/mhd_work/jhtdb_mhd1024/raw/mhd1024_magneticfield_t0302_x321-640_y321-640_z321-640.npy",
  "R_LIST": [
    32,
    40,
    48,
    64,
    80,
    96,
    128,
    160,
    192
  ],
  "N_SAMPLE": 100000,
  "NPHI": 8,
  "SEED": 19345,
  "BL_DOWNSAMPLE": 4,
  "summary": [
    {
      "r": 32,
      "sigma_full": 16.0,
      "sigma_ds": 4.0,
      "mean_abs_rhat_dot_bhat": 9.010229168409716e-09,
      "max_abs_rhat_dot_bhat": 6.638638161415855e-08,
      "n_valid": 800000,
      "n_total": 800000,
      "mean_angle_all_deg": 49.989070892333984,
      "mean_angle_top10_A_deg": 37.77565383911133,
      "mean_angle_top10_j_deg": 47.55595779418945,
      "mean_sin_theta": 0.7055563926696777,
      "A_weighted_mean_sin_theta": 0.6498498320579529,
      "cov_A_sin_theta": -0.013924837112426758,
      "mean_A": 0.2499675154685974,
      "normalized_cov_A_sin_theta": -0.05570658685918766
    },
    {
      "r": 40,
      "sigma_full": 20.0,
      "sigma_ds": 5.0,
      "mean_abs_rhat_dot_bhat": 8.868218485283789e-09,
      "max_abs_rhat_dot_bhat": 7.238534982523248e-08,
      "n_valid": 800000,
      "n_total": 800000,
      "mean_angle_all_deg": 50.145233154296875,
      "mean_angle_top10_A_deg": 38.46405029296875,
      "mean_angle_top10_j_deg": 47.54481887817383,
      "mean_sin_theta": 0.7071623206138611,
      "A_weighted_mean_sin_theta": 0.6565297245979309,
      "cov_A_sin_theta": -0.013957083225250244,
      "mean_A": 0.27565404772758484,
      "normalized_cov_A_sin_theta": -0.050632607575722355
    },
    {
      "r": 48,
      "sigma_full": 24.0,
      "sigma_ds": 6.0,
      "mean_abs_rhat_dot_bhat": 8.743178972543827e-09,
      "max_abs_rhat_dot_bhat": 6.863538393186985e-08,
      "n_valid": 800000,
      "n_total": 800000,
      "mean_angle_all_deg": 50.452571868896484,
      "mean_angle_top10_A_deg": 40.57592010498047,
      "mean_angle_top10_j_deg": 48.11551284790039,
      "mean_sin_theta": 0.711003303527832,
      "A_weighted_mean_sin_theta": 0.6689028739929199,
      "cov_A_sin_theta": -0.012570425868034363,
      "mean_A": 0.2985820174217224,
      "normalized_cov_A_sin_theta": -0.04210041172800998
    },
    {
      "r": 64,
      "sigma_full": 32.0,
      "sigma_ds": 8.0,
      "mean_abs_rhat_dot_bhat": 8.717006072860283e-09,
      "max_abs_rhat_dot_bhat": 7.103136540065336e-08,
      "n_valid": 800000,
      "n_total": 800000,
      "mean_angle_all_deg": 51.015380859375,
      "mean_angle_top10_A_deg": 41.93354797363281,
      "mean_angle_top10_j_deg": 49.49584197998047,
      "mean_sin_theta": 0.7173992991447449,
      "A_weighted_mean_sin_theta": 0.6808896064758301,
      "cov_A_sin_theta": -0.012249425053596497,
      "mean_A": 0.3355117440223694,
      "normalized_cov_A_sin_theta": -0.036509675955723915
    },
    {
      "r": 80,
      "sigma_full": 40.0,
      "sigma_ds": 10.0,
      "mean_abs_rhat_dot_bhat": 9.110761089578675e-09,
      "max_abs_rhat_dot_bhat": 7.194402285026769e-08,
      "n_valid": 800000,
      "n_total": 800000,
      "mean_angle_all_deg": 51.487693786621094,
      "mean_angle_top10_A_deg": 39.667869567871094,
      "mean_angle_top10_j_deg": 50.05837631225586,
      "mean_sin_theta": 0.7234013080596924,
      "A_weighted_mean_sin_theta": 0.6815412640571594,
      "cov_A_sin_theta": -0.015301734209060669,
      "mean_A": 0.36554551124572754,
      "normalized_cov_A_sin_theta": -0.04185999756067177
    },
    {
      "r": 96,
      "sigma_full": 48.0,
      "sigma_ds": 12.0,
      "mean_abs_rhat_dot_bhat": 9.810869742035081e-09,
      "max_abs_rhat_dot_bhat": 7.714501731870271e-08,
      "n_valid": 800000,
      "n_total": 800000,
      "mean_angle_all_deg": 51.06179428100586,
      "mean_angle_top10_A_deg": 39.08761978149414,
      "mean_angle_top10_j_deg": 49.817230224609375,
      "mean_sin_theta": 0.7189533710479736,
      "A_weighted_mean_sin_theta": 0.6800007224082947,
      "cov_A_sin_theta": -0.01534813642501831,
      "mean_A": 0.39402034878730774,
      "normalized_cov_A_sin_theta": -0.038952649202651304
    },
    {
      "r": 128,
      "sigma_full": 64.0,
      "sigma_ds": 16.0,
      "mean_abs_rhat_dot_bhat": 1.121176635743082e-08,
      "max_abs_rhat_dot_bhat": 7.268050888908917e-08,
      "n_valid": 800000,
      "n_total": 800000,
      "mean_angle_all_deg": 50.228336334228516,
      "mean_angle_top10_A_deg": 37.2887077331543,
      "mean_angle_top10_j_deg": 49.403472900390625,
      "mean_sin_theta": 0.7076447606086731,
      "A_weighted_mean_sin_theta": 0.6657161116600037,
      "cov_A_sin_theta": -0.019113004207611084,
      "mean_A": 0.45584654808044434,
      "normalized_cov_A_sin_theta": -0.04192859261103402
    },
    {
      "r": 160,
      "sigma_full": 80.0,
      "sigma_ds": 20.0,
      "mean_abs_rhat_dot_bhat": 1.1152332391564508e-08,
      "max_abs_rhat_dot_bhat": 7.088061948490321e-08,
      "n_valid": 800000,
      "n_total": 800000,
      "mean_angle_all_deg": 49.44163131713867,
      "mean_angle_top10_A_deg": 38.923004150390625,
      "mean_angle_top10_j_deg": 49.68942642211914,
      "mean_sin_theta": 0.6989917159080505,
      "A_weighted_mean_sin_theta": 0.6610873341560364,
      "cov_A_sin_theta": -0.01870211958885193,
      "mean_A": 0.49340295791625977,
      "normalized_cov_A_sin_theta": -0.0379043523934975
    },
    {
      "r": 192,
      "sigma_full": 96.0,
      "sigma_ds": 24.0,
      "mean_abs_rhat_dot_bhat": 8.551399982072176e-09,
      "max_abs_rhat_dot_bhat": 6.221682019580399e-08,
      "n_valid": 800000,
      "n_total": 800000,
      "mean_angle_all_deg": 48.99704360961914,
      "mean_angle_top10_A_deg": 38.517799377441406,
      "mean_angle_top10_j_deg": 48.524932861328125,
      "mean_sin_theta": 0.6934919357299805,
      "A_weighted_mean_sin_theta": 0.6520079374313354,
      "cov_A_sin_theta": -0.019909948110580444,
      "mean_A": 0.4799426198005676,
      "normalized_cov_A_sin_theta": -0.04148401764955507
    }
  ],
  "OUT_NPZ": "/home/idies/workspace/Storage/elenceq/mhd_work/jhtdb_mhd1024/processed/perpBL_v1/per_cube/perpBL_320_final15_v1_t0302_x321-640_y321-640_z321-640.npz"
}