{
  "description": "perpBL final15 320^3 cube",
  "stem": "t0976_x1-320_y1-320_z321-640",
  "cube_index": 15,
  "increment": "centered local-BL-perpendicular",
  "sigma_rule": "sigma_B(r)=r/2",
  "U_FILE": "/home/idies/workspace/Storage/elenceq/mhd_work/jhtdb_mhd1024/raw/mhd1024_velocity_t0976_x1-320_y1-320_z321-640.npy",
  "B_FILE": "/home/idies/workspace/Storage/elenceq/mhd_work/jhtdb_mhd1024/raw/mhd1024_magneticfield_t0976_x1-320_y1-320_z321-640.npy",
  "R_LIST": [
    32,
    40,
    48,
    64,
    80,
    96,
    128,
    160,
    192
  ],
  "N_SAMPLE": 100000,
  "NPHI": 8,
  "SEED": 27345,
  "BL_DOWNSAMPLE": 4,
  "summary": [
    {
      "r": 32,
      "sigma_full": 16.0,
      "sigma_ds": 4.0,
      "mean_abs_rhat_dot_bhat": 9.247480434787384e-09,
      "max_abs_rhat_dot_bhat": 6.923460321717201e-08,
      "n_valid": 800000,
      "n_total": 800000,
      "mean_angle_all_deg": 47.56118392944336,
      "mean_angle_top10_A_deg": 32.38689041137695,
      "mean_angle_top10_j_deg": 48.269126892089844,
      "mean_sin_theta": 0.6772191524505615,
      "A_weighted_mean_sin_theta": 0.6025980710983276,
      "cov_A_sin_theta": -0.012996777892112732,
      "mean_A": 0.17417031526565552,
      "normalized_cov_A_sin_theta": -0.07462108495520163
    },
    {
      "r": 40,
      "sigma_full": 20.0,
      "sigma_ds": 5.0,
      "mean_abs_rhat_dot_bhat": 9.444605303899163e-09,
      "max_abs_rhat_dot_bhat": 7.268941942806251e-08,
      "n_valid": 800000,
      "n_total": 800000,
      "mean_angle_all_deg": 47.28748321533203,
      "mean_angle_top10_A_deg": 29.979671478271484,
      "mean_angle_top10_j_deg": 48.086456298828125,
      "mean_sin_theta": 0.6738556027412415,
      "A_weighted_mean_sin_theta": 0.5901011824607849,
      "cov_A_sin_theta": -0.01836930215358734,
      "mean_A": 0.21932324767112732,
      "normalized_cov_A_sin_theta": -0.08375446902524396
    },
    {
      "r": 48,
      "sigma_full": 24.0,
      "sigma_ds": 6.0,
      "mean_abs_rhat_dot_bhat": 9.638620062771535e-09,
      "max_abs_rhat_dot_bhat": 6.8976011791122e-08,
      "n_valid": 800000,
      "n_total": 800000,
      "mean_angle_all_deg": 47.55894088745117,
      "mean_angle_top10_A_deg": 28.318016052246094,
      "mean_angle_top10_j_deg": 48.393157958984375,
      "mean_sin_theta": 0.6770258545875549,
      "A_weighted_mean_sin_theta": 0.5842185616493225,
      "cov_A_sin_theta": -0.024589136242866516,
      "mean_A": 0.26494812965393066,
      "normalized_cov_A_sin_theta": -0.09280735921776197
    },
    {
      "r": 64,
      "sigma_full": 32.0,
      "sigma_ds": 8.0,
      "mean_abs_rhat_dot_bhat": 9.977279212977548e-09,
      "max_abs_rhat_dot_bhat": 7.360937648304144e-08,
      "n_valid": 800000,
      "n_total": 800000,
      "mean_angle_all_deg": 48.029903411865234,
      "mean_angle_top10_A_deg": 26.743793487548828,
      "mean_angle_top10_j_deg": 48.7694206237793,
      "mean_sin_theta": 0.6820066571235657,
      "A_weighted_mean_sin_theta": 0.5882346034049988,
      "cov_A_sin_theta": -0.032906681299209595,
      "mean_A": 0.3509220778942108,
      "normalized_cov_A_sin_theta": -0.09377204619519454
    },
    {
      "r": 80,
      "sigma_full": 40.0,
      "sigma_ds": 10.0,
      "mean_abs_rhat_dot_bhat": 9.981827229870383e-09,
      "max_abs_rhat_dot_bhat": 7.499709570035762e-08,
      "n_valid": 800000,
      "n_total": 800000,
      "mean_angle_all_deg": 47.127689361572266,
      "mean_angle_top10_A_deg": 27.854219436645508,
      "mean_angle_top10_j_deg": 48.37907409667969,
      "mean_sin_theta": 0.6726649403572083,
      "A_weighted_mean_sin_theta": 0.5909587144851685,
      "cov_A_sin_theta": -0.035190314054489136,
      "mean_A": 0.4306936264038086,
      "normalized_cov_A_sin_theta": -0.08170614073934657
    },
    {
      "r": 96,
      "sigma_full": 48.0,
      "sigma_ds": 12.0,
      "mean_abs_rhat_dot_bhat": 9.609626436090067e-09,
      "max_abs_rhat_dot_bhat": 6.953859954528241e-08,
      "n_valid": 800000,
      "n_total": 800000,
      "mean_angle_all_deg": 46.97011947631836,
      "mean_angle_top10_A_deg": 28.765056610107422,
      "mean_angle_top10_j_deg": 48.242645263671875,
      "mean_sin_theta": 0.6713891625404358,
      "A_weighted_mean_sin_theta": 0.5985948443412781,
      "cov_A_sin_theta": -0.03605443239212036,
      "mean_A": 0.49529165029525757,
      "normalized_cov_A_sin_theta": -0.0727943472712033
    },
    {
      "r": 128,
      "sigma_full": 64.0,
      "sigma_ds": 16.0,
      "mean_abs_rhat_dot_bhat": 8.373231240498645e-09,
      "max_abs_rhat_dot_bhat": 7.560199383194188e-08,
      "n_valid": 800000,
      "n_total": 800000,
      "mean_angle_all_deg": 46.843223571777344,
      "mean_angle_top10_A_deg": 31.453672409057617,
      "mean_angle_top10_j_deg": 47.42514419555664,
      "mean_sin_theta": 0.6694768071174622,
      "A_weighted_mean_sin_theta": 0.6149423718452454,
      "cov_A_sin_theta": -0.03149974346160889,
      "mean_A": 0.5776119828224182,
      "normalized_cov_A_sin_theta": -0.05453443556986111
    },
    {
      "r": 160,
      "sigma_full": 80.0,
      "sigma_ds": 20.0,
      "mean_abs_rhat_dot_bhat": 7.449494964176333e-09,
      "max_abs_rhat_dot_bhat": 6.79856109742083e-08,
      "n_valid": 800000,
      "n_total": 800000,
      "mean_angle_all_deg": 46.961795806884766,
      "mean_angle_top10_A_deg": 35.09347915649414,
      "mean_angle_top10_j_deg": 46.62172317504883,
      "mean_sin_theta": 0.6675159931182861,
      "A_weighted_mean_sin_theta": 0.6256175637245178,
      "cov_A_sin_theta": -0.025870323181152344,
      "mean_A": 0.61745285987854,
      "normalized_cov_A_sin_theta": -0.04189845875236747
    },
    {
      "r": 192,
      "sigma_full": 96.0,
      "sigma_ds": 24.0,
      "mean_abs_rhat_dot_bhat": 7.459854224615681e-09,
      "max_abs_rhat_dot_bhat": 6.318733003496391e-08,
      "n_valid": 800000,
      "n_total": 800000,
      "mean_angle_all_deg": 46.2625732421875,
      "mean_angle_top10_A_deg": 33.82001876831055,
      "mean_angle_top10_j_deg": 47.30184555053711,
      "mean_sin_theta": 0.65995192527771,
      "A_weighted_mean_sin_theta": 0.6098649501800537,
      "cov_A_sin_theta": -0.03308665752410889,
      "mean_A": 0.6605840921401978,
      "normalized_cov_A_sin_theta": -0.050086972904407764
    }
  ],
  "OUT_NPZ": "/home/idies/workspace/Storage/elenceq/mhd_work/jhtdb_mhd1024/processed/perpBL_v1/per_cube/perpBL_320_final15_v1_t0976_x1-320_y1-320_z321-640.npz"
}