{
  "description": "perpBL final15 320^3 cube",
  "stem": "t0493_x1-320_y641-960_z641-960",
  "cube_index": 8,
  "increment": "centered local-BL-perpendicular",
  "sigma_rule": "sigma_B(r)=r/2",
  "U_FILE": "/home/idies/workspace/Storage/elenceq/mhd_work/jhtdb_mhd1024/raw/mhd1024_velocity_t0493_x1-320_y641-960_z641-960.npy",
  "B_FILE": "/home/idies/workspace/Storage/elenceq/mhd_work/jhtdb_mhd1024/raw/mhd1024_magneticfield_t0493_x1-320_y641-960_z641-960.npy",
  "R_LIST": [
    32,
    40,
    48,
    64,
    80,
    96,
    128,
    160,
    192
  ],
  "N_SAMPLE": 100000,
  "NPHI": 8,
  "SEED": 20345,
  "BL_DOWNSAMPLE": 4,
  "summary": [
    {
      "r": 32,
      "sigma_full": 16.0,
      "sigma_ds": 4.0,
      "mean_abs_rhat_dot_bhat": 9.11473245574837e-09,
      "max_abs_rhat_dot_bhat": 7.02131980889753e-08,
      "n_valid": 800000,
      "n_total": 800000,
      "mean_angle_all_deg": 51.25498580932617,
      "mean_angle_top10_A_deg": 39.5003547668457,
      "mean_angle_top10_j_deg": 48.98638916015625,
      "mean_sin_theta": 0.7179388999938965,
      "A_weighted_mean_sin_theta": 0.6579269766807556,
      "cov_A_sin_theta": -0.014111295342445374,
      "mean_A": 0.2351415753364563,
      "normalized_cov_A_sin_theta": -0.060011911216695676
    },
    {
      "r": 40,
      "sigma_full": 20.0,
      "sigma_ds": 5.0,
      "mean_abs_rhat_dot_bhat": 9.058080647452333e-09,
      "max_abs_rhat_dot_bhat": 7.153016048921934e-08,
      "n_valid": 800000,
      "n_total": 800000,
      "mean_angle_all_deg": 51.99214553833008,
      "mean_angle_top10_A_deg": 43.07709503173828,
      "mean_angle_top10_j_deg": 50.359161376953125,
      "mean_sin_theta": 0.7263799905776978,
      "A_weighted_mean_sin_theta": 0.6824455261230469,
      "cov_A_sin_theta": -0.011382833123207092,
      "mean_A": 0.2590866982936859,
      "normalized_cov_A_sin_theta": -0.04393445591060086
    },
    {
      "r": 48,
      "sigma_full": 24.0,
      "sigma_ds": 6.0,
      "mean_abs_rhat_dot_bhat": 8.84576427488426e-09,
      "max_abs_rhat_dot_bhat": 7.014906716618086e-08,
      "n_valid": 800000,
      "n_total": 800000,
      "mean_angle_all_deg": 52.7403564453125,
      "mean_angle_top10_A_deg": 46.225494384765625,
      "mean_angle_top10_j_deg": 51.54172897338867,
      "mean_sin_theta": 0.734298586845398,
      "A_weighted_mean_sin_theta": 0.7023999691009521,
      "cov_A_sin_theta": -0.00880981981754303,
      "mean_A": 0.27618205547332764,
      "normalized_cov_A_sin_theta": -0.03189859602733618
    },
    {
      "r": 64,
      "sigma_full": 32.0,
      "sigma_ds": 8.0,
      "mean_abs_rhat_dot_bhat": 8.228716388934583e-09,
      "max_abs_rhat_dot_bhat": 7.084425057701793e-08,
      "n_valid": 800000,
      "n_total": 800000,
      "mean_angle_all_deg": 53.435550689697266,
      "mean_angle_top10_A_deg": 51.21089553833008,
      "mean_angle_top10_j_deg": 52.50429916381836,
      "mean_sin_theta": 0.7426660656929016,
      "A_weighted_mean_sin_theta": 0.7282626032829285,
      "cov_A_sin_theta": -0.0043715983629226685,
      "mean_A": 0.30351030826568604,
      "normalized_cov_A_sin_theta": -0.014403459269317043
    },
    {
      "r": 80,
      "sigma_full": 40.0,
      "sigma_ds": 10.0,
      "mean_abs_rhat_dot_bhat": 7.894799597345086e-09,
      "max_abs_rhat_dot_bhat": 7.265147894397472e-08,
      "n_valid": 800000,
      "n_total": 800000,
      "mean_angle_all_deg": 53.952415466308594,
      "mean_angle_top10_A_deg": 53.63117599487305,
      "mean_angle_top10_j_deg": 52.45433044433594,
      "mean_sin_theta": 0.7481291890144348,
      "A_weighted_mean_sin_theta": 0.7399629950523376,
      "cov_A_sin_theta": -0.0027201175689697266,
      "mean_A": 0.33309561014175415,
      "normalized_cov_A_sin_theta": -0.008166176575584822
    },
    {
      "r": 96,
      "sigma_full": 48.0,
      "sigma_ds": 12.0,
      "mean_abs_rhat_dot_bhat": 8.407116999086582e-09,
      "max_abs_rhat_dot_bhat": 7.608836261052687e-08,
      "n_valid": 800000,
      "n_total": 800000,
      "mean_angle_all_deg": 54.10713577270508,
      "mean_angle_top10_A_deg": 54.46390151977539,
      "mean_angle_top10_j_deg": 52.581092834472656,
      "mean_sin_theta": 0.749660074710846,
      "A_weighted_mean_sin_theta": 0.7458734512329102,
      "cov_A_sin_theta": -0.0013976991176605225,
      "mean_A": 0.36911430954933167,
      "normalized_cov_A_sin_theta": -0.003786629457327288
    },
    {
      "r": 128,
      "sigma_full": 64.0,
      "sigma_ds": 16.0,
      "mean_abs_rhat_dot_bhat": 1.0558311955064673e-08,
      "max_abs_rhat_dot_bhat": 7.538921137362209e-08,
      "n_valid": 800000,
      "n_total": 800000,
      "mean_angle_all_deg": 52.746368408203125,
      "mean_angle_top10_A_deg": 50.34965896606445,
      "mean_angle_top10_j_deg": 51.25978088378906,
      "mean_sin_theta": 0.7348318696022034,
      "A_weighted_mean_sin_theta": 0.7241874933242798,
      "cov_A_sin_theta": -0.004663586616516113,
      "mean_A": 0.4381239116191864,
      "normalized_cov_A_sin_theta": -0.010644446680120174
    },
    {
      "r": 160,
      "sigma_full": 80.0,
      "sigma_ds": 20.0,
      "mean_abs_rhat_dot_bhat": 1.1498915915243836e-08,
      "max_abs_rhat_dot_bhat": 7.186196959718671e-08,
      "n_valid": 800000,
      "n_total": 800000,
      "mean_angle_all_deg": 53.246395111083984,
      "mean_angle_top10_A_deg": 52.1780891418457,
      "mean_angle_top10_j_deg": 51.702735900878906,
      "mean_sin_theta": 0.7412319779396057,
      "A_weighted_mean_sin_theta": 0.7345200181007385,
      "cov_A_sin_theta": -0.003143310546875,
      "mean_A": 0.46831196546554565,
      "normalized_cov_A_sin_theta": -0.006712001355229643
    },
    {
      "r": 192,
      "sigma_full": 96.0,
      "sigma_ds": 24.0,
      "mean_abs_rhat_dot_bhat": 1.1104103769681683e-08,
      "max_abs_rhat_dot_bhat": 7.513157129768189e-08,
      "n_valid": 800000,
      "n_total": 800000,
      "mean_angle_all_deg": 52.51927947998047,
      "mean_angle_top10_A_deg": 49.99245071411133,
      "mean_angle_top10_j_deg": 52.0546875,
      "mean_sin_theta": 0.7331761121749878,
      "A_weighted_mean_sin_theta": 0.7204528450965881,
      "cov_A_sin_theta": -0.006325483322143555,
      "mean_A": 0.49715709686279297,
      "normalized_cov_A_sin_theta": -0.012723308913941305
    }
  ],
  "OUT_NPZ": "/home/idies/workspace/Storage/elenceq/mhd_work/jhtdb_mhd1024/processed/perpBL_v1/per_cube/perpBL_320_final15_v1_t0493_x1-320_y641-960_z641-960.npz"
}