{
  "description": "perpBL final15 320^3 cube",
  "stem": "t0778_x321-640_y321-640_z1-320",
  "cube_index": 12,
  "increment": "centered local-BL-perpendicular",
  "sigma_rule": "sigma_B(r)=r/2",
  "U_FILE": "/home/idies/workspace/Storage/elenceq/mhd_work/jhtdb_mhd1024/raw/mhd1024_velocity_t0778_x321-640_y321-640_z1-320.npy",
  "B_FILE": "/home/idies/workspace/Storage/elenceq/mhd_work/jhtdb_mhd1024/raw/mhd1024_magneticfield_t0778_x321-640_y321-640_z1-320.npy",
  "R_LIST": [
    32,
    40,
    48,
    64,
    80,
    96,
    128,
    160,
    192
  ],
  "N_SAMPLE": 100000,
  "NPHI": 8,
  "SEED": 24345,
  "BL_DOWNSAMPLE": 4,
  "summary": [
    {
      "r": 32,
      "sigma_full": 16.0,
      "sigma_ds": 4.0,
      "mean_abs_rhat_dot_bhat": 9.814104896717117e-09,
      "max_abs_rhat_dot_bhat": 7.187381168005658e-08,
      "n_valid": 800000,
      "n_total": 800000,
      "mean_angle_all_deg": 51.16412353515625,
      "mean_angle_top10_A_deg": 41.601871490478516,
      "mean_angle_top10_j_deg": 51.86548614501953,
      "mean_sin_theta": 0.7168356776237488,
      "A_weighted_mean_sin_theta": 0.672227144241333,
      "cov_A_sin_theta": -0.011166900396347046,
      "mean_A": 0.2503308951854706,
      "normalized_cov_A_sin_theta": -0.044608558556359854
    },
    {
      "r": 40,
      "sigma_full": 20.0,
      "sigma_ds": 5.0,
      "mean_abs_rhat_dot_bhat": 1.0010977678367854e-08,
      "max_abs_rhat_dot_bhat": 6.957957721098751e-08,
      "n_valid": 800000,
      "n_total": 800000,
      "mean_angle_all_deg": 50.924095153808594,
      "mean_angle_top10_A_deg": 37.486473083496094,
      "mean_angle_top10_j_deg": 52.607017517089844,
      "mean_sin_theta": 0.7137734889984131,
      "A_weighted_mean_sin_theta": 0.6599780917167664,
      "cov_A_sin_theta": -0.015384241938591003,
      "mean_A": 0.2859770953655243,
      "normalized_cov_A_sin_theta": -0.05379536399209696
    },
    {
      "r": 48,
      "sigma_full": 24.0,
      "sigma_ds": 6.0,
      "mean_abs_rhat_dot_bhat": 1.0127872722257469e-08,
      "max_abs_rhat_dot_bhat": 7.079458708147968e-08,
      "n_valid": 800000,
      "n_total": 800000,
      "mean_angle_all_deg": 51.09373092651367,
      "mean_angle_top10_A_deg": 35.813270568847656,
      "mean_angle_top10_j_deg": 53.24043655395508,
      "mean_sin_theta": 0.7150411605834961,
      "A_weighted_mean_sin_theta": 0.6560342311859131,
      "cov_A_sin_theta": -0.01882059872150421,
      "mean_A": 0.31895583868026733,
      "normalized_cov_A_sin_theta": -0.05900691079798871
    },
    {
      "r": 64,
      "sigma_full": 32.0,
      "sigma_ds": 8.0,
      "mean_abs_rhat_dot_bhat": 1.0251301296756374e-08,
      "max_abs_rhat_dot_bhat": 7.799842111078092e-08,
      "n_valid": 800000,
      "n_total": 800000,
      "mean_angle_all_deg": 51.04410934448242,
      "mean_angle_top10_A_deg": 35.83200454711914,
      "mean_angle_top10_j_deg": 51.59965133666992,
      "mean_sin_theta": 0.7146478891372681,
      "A_weighted_mean_sin_theta": 0.6551063060760498,
      "cov_A_sin_theta": -0.02253517508506775,
      "mean_A": 0.3784775137901306,
      "normalized_cov_A_sin_theta": -0.059541648483676414
    },
    {
      "r": 80,
      "sigma_full": 40.0,
      "sigma_ds": 10.0,
      "mean_abs_rhat_dot_bhat": 1.0512514852933498e-08,
      "max_abs_rhat_dot_bhat": 7.066429824620357e-08,
      "n_valid": 800000,
      "n_total": 800000,
      "mean_angle_all_deg": 51.33464050292969,
      "mean_angle_top10_A_deg": 37.23038101196289,
      "mean_angle_top10_j_deg": 51.427310943603516,
      "mean_sin_theta": 0.7195030450820923,
      "A_weighted_mean_sin_theta": 0.6716777682304382,
      "cov_A_sin_theta": -0.020270109176635742,
      "mean_A": 0.4238370954990387,
      "normalized_cov_A_sin_theta": -0.047825236138826166
    },
    {
      "r": 96,
      "sigma_full": 48.0,
      "sigma_ds": 12.0,
      "mean_abs_rhat_dot_bhat": 1.0629597966193933e-08,
      "max_abs_rhat_dot_bhat": 6.812358260832596e-08,
      "n_valid": 800000,
      "n_total": 800000,
      "mean_angle_all_deg": 52.056339263916016,
      "mean_angle_top10_A_deg": 38.765316009521484,
      "mean_angle_top10_j_deg": 52.545230865478516,
      "mean_sin_theta": 0.7290693521499634,
      "A_weighted_mean_sin_theta": 0.6860284805297852,
      "cov_A_sin_theta": -0.020060747861862183,
      "mean_A": 0.4660859704017639,
      "normalized_cov_A_sin_theta": -0.043040874722253306
    },
    {
      "r": 128,
      "sigma_full": 64.0,
      "sigma_ds": 16.0,
      "mean_abs_rhat_dot_bhat": 9.370311875977653e-09,
      "max_abs_rhat_dot_bhat": 7.656363881780592e-08,
      "n_valid": 800000,
      "n_total": 800000,
      "mean_angle_all_deg": 50.20310592651367,
      "mean_angle_top10_A_deg": 37.92131423950195,
      "mean_angle_top10_j_deg": 51.30965042114258,
      "mean_sin_theta": 0.7082895040512085,
      "A_weighted_mean_sin_theta": 0.6637880802154541,
      "cov_A_sin_theta": -0.022837340831756592,
      "mean_A": 0.5131824612617493,
      "normalized_cov_A_sin_theta": -0.04450140555389788
    },
    {
      "r": 160,
      "sigma_full": 80.0,
      "sigma_ds": 20.0,
      "mean_abs_rhat_dot_bhat": 1.0372201174986692e-08,
      "max_abs_rhat_dot_bhat": 7.080951164306626e-08,
      "n_valid": 800000,
      "n_total": 800000,
      "mean_angle_all_deg": 51.537925720214844,
      "mean_angle_top10_A_deg": 40.014102935791016,
      "mean_angle_top10_j_deg": 52.4453010559082,
      "mean_sin_theta": 0.7237091660499573,
      "A_weighted_mean_sin_theta": 0.6853609085083008,
      "cov_A_sin_theta": -0.020269572734832764,
      "mean_A": 0.5285650491714478,
      "normalized_cov_A_sin_theta": -0.038348303139994475
    },
    {
      "r": 192,
      "sigma_full": 96.0,
      "sigma_ds": 24.0,
      "mean_abs_rhat_dot_bhat": 1.135995718527485e-08,
      "max_abs_rhat_dot_bhat": 7.469997337361534e-08,
      "n_valid": 800000,
      "n_total": 800000,
      "mean_angle_all_deg": 50.217376708984375,
      "mean_angle_top10_A_deg": 36.17881393432617,
      "mean_angle_top10_j_deg": 50.56121826171875,
      "mean_sin_theta": 0.7092159390449524,
      "A_weighted_mean_sin_theta": 0.6587070822715759,
      "cov_A_sin_theta": -0.02630549669265747,
      "mean_A": 0.5208095908164978,
      "normalized_cov_A_sin_theta": -0.05050885612804691
    }
  ],
  "OUT_NPZ": "/home/idies/workspace/Storage/elenceq/mhd_work/jhtdb_mhd1024/processed/perpBL_v1/per_cube/perpBL_320_final15_v1_t0778_x321-640_y321-640_z1-320.npz"
}