{
  "description": "perpBL final15 320^3 cube",
  "stem": "t0539_x1-320_y641-960_z1-320",
  "cube_index": 9,
  "increment": "centered local-BL-perpendicular",
  "sigma_rule": "sigma_B(r)=r/2",
  "U_FILE": "/home/idies/workspace/Storage/elenceq/mhd_work/jhtdb_mhd1024/raw/mhd1024_velocity_t0539_x1-320_y641-960_z1-320.npy",
  "B_FILE": "/home/idies/workspace/Storage/elenceq/mhd_work/jhtdb_mhd1024/raw/mhd1024_magneticfield_t0539_x1-320_y641-960_z1-320.npy",
  "R_LIST": [
    32,
    40,
    48,
    64,
    80,
    96,
    128,
    160,
    192
  ],
  "N_SAMPLE": 100000,
  "NPHI": 8,
  "SEED": 21345,
  "BL_DOWNSAMPLE": 4,
  "summary": [
    {
      "r": 32,
      "sigma_full": 16.0,
      "sigma_ds": 4.0,
      "mean_abs_rhat_dot_bhat": 8.981465948265971e-09,
      "max_abs_rhat_dot_bhat": 7.223497835995296e-08,
      "n_valid": 800000,
      "n_total": 800000,
      "mean_angle_all_deg": 49.009185791015625,
      "mean_angle_top10_A_deg": 37.93727111816406,
      "mean_angle_top10_j_deg": 47.83186340332031,
      "mean_sin_theta": 0.6935679912567139,
      "A_weighted_mean_sin_theta": 0.63837069272995,
      "cov_A_sin_theta": -0.010967761278152466,
      "mean_A": 0.19870087504386902,
      "normalized_cov_A_sin_theta": -0.05519734764998399
    },
    {
      "r": 40,
      "sigma_full": 20.0,
      "sigma_ds": 5.0,
      "mean_abs_rhat_dot_bhat": 9.060376032542775e-09,
      "max_abs_rhat_dot_bhat": 7.105666505191621e-08,
      "n_valid": 800000,
      "n_total": 800000,
      "mean_angle_all_deg": 48.63716125488281,
      "mean_angle_top10_A_deg": 36.279170989990234,
      "mean_angle_top10_j_deg": 48.02766418457031,
      "mean_sin_theta": 0.6892172694206238,
      "A_weighted_mean_sin_theta": 0.6327478289604187,
      "cov_A_sin_theta": -0.013065367937088013,
      "mean_A": 0.23137037456035614,
      "normalized_cov_A_sin_theta": -0.056469493823115766
    },
    {
      "r": 48,
      "sigma_full": 24.0,
      "sigma_ds": 6.0,
      "mean_abs_rhat_dot_bhat": 9.104716248900393e-09,
      "max_abs_rhat_dot_bhat": 7.047127037473899e-08,
      "n_valid": 800000,
      "n_total": 800000,
      "mean_angle_all_deg": 48.78805160522461,
      "mean_angle_top10_A_deg": 36.202667236328125,
      "mean_angle_top10_j_deg": 48.488006591796875,
      "mean_sin_theta": 0.6916016936302185,
      "A_weighted_mean_sin_theta": 0.6328397989273071,
      "cov_A_sin_theta": -0.015172526240348816,
      "mean_A": 0.25820356607437134,
      "normalized_cov_A_sin_theta": -0.05876187719258152
    },
    {
      "r": 64,
      "sigma_full": 32.0,
      "sigma_ds": 8.0,
      "mean_abs_rhat_dot_bhat": 9.234114090098309e-09,
      "max_abs_rhat_dot_bhat": 7.666366041991779e-08,
      "n_valid": 800000,
      "n_total": 800000,
      "mean_angle_all_deg": 49.58142852783203,
      "mean_angle_top10_A_deg": 37.50230407714844,
      "mean_angle_top10_j_deg": 49.01931381225586,
      "mean_sin_theta": 0.7003771066665649,
      "A_weighted_mean_sin_theta": 0.6460338234901428,
      "cov_A_sin_theta": -0.01655958592891693,
      "mean_A": 0.3047219216823578,
      "normalized_cov_A_sin_theta": -0.054343270866408645
    },
    {
      "r": 80,
      "sigma_full": 40.0,
      "sigma_ds": 10.0,
      "mean_abs_rhat_dot_bhat": 8.975685907058525e-09,
      "max_abs_rhat_dot_bhat": 7.269691759681507e-08,
      "n_valid": 800000,
      "n_total": 800000,
      "mean_angle_all_deg": 50.148521423339844,
      "mean_angle_top10_A_deg": 38.73278045654297,
      "mean_angle_top10_j_deg": 49.0788688659668,
      "mean_sin_theta": 0.705780029296875,
      "A_weighted_mean_sin_theta": 0.6552700400352478,
      "cov_A_sin_theta": -0.017471209168434143,
      "mean_A": 0.34589606523513794,
      "normalized_cov_A_sin_theta": -0.050509996858615104
    },
    {
      "r": 96,
      "sigma_full": 48.0,
      "sigma_ds": 12.0,
      "mean_abs_rhat_dot_bhat": 8.49816455369554e-09,
      "max_abs_rhat_dot_bhat": 7.164724863395477e-08,
      "n_valid": 800000,
      "n_total": 800000,
      "mean_angle_all_deg": 50.31513977050781,
      "mean_angle_top10_A_deg": 37.49372482299805,
      "mean_angle_top10_j_deg": 50.00918197631836,
      "mean_sin_theta": 0.7077078223228455,
      "A_weighted_mean_sin_theta": 0.6540821194648743,
      "cov_A_sin_theta": -0.020638227462768555,
      "mean_A": 0.3848572373390198,
      "normalized_cov_A_sin_theta": -0.0536256706654795
    },
    {
      "r": 128,
      "sigma_full": 64.0,
      "sigma_ds": 16.0,
      "mean_abs_rhat_dot_bhat": 8.213142056024327e-09,
      "max_abs_rhat_dot_bhat": 7.328635059922206e-08,
      "n_valid": 800000,
      "n_total": 800000,
      "mean_angle_all_deg": 49.93846893310547,
      "mean_angle_top10_A_deg": 32.91276168823242,
      "mean_angle_top10_j_deg": 50.17144775390625,
      "mean_sin_theta": 0.7029931545257568,
      "A_weighted_mean_sin_theta": 0.6472825407981873,
      "cov_A_sin_theta": -0.02368241548538208,
      "mean_A": 0.42509695887565613,
      "normalized_cov_A_sin_theta": -0.05571062081464891
    },
    {
      "r": 160,
      "sigma_full": 80.0,
      "sigma_ds": 20.0,
      "mean_abs_rhat_dot_bhat": 7.566653382804405e-09,
      "max_abs_rhat_dot_bhat": 7.127621581837218e-08,
      "n_valid": 800000,
      "n_total": 800000,
      "mean_angle_all_deg": 50.70291519165039,
      "mean_angle_top10_A_deg": 40.846221923828125,
      "mean_angle_top10_j_deg": 51.07881546020508,
      "mean_sin_theta": 0.7134432196617126,
      "A_weighted_mean_sin_theta": 0.6786057949066162,
      "cov_A_sin_theta": -0.014742344617843628,
      "mean_A": 0.423175185918808,
      "normalized_cov_A_sin_theta": -0.03483745056042145
    },
    {
      "r": 192,
      "sigma_full": 96.0,
      "sigma_ds": 24.0,
      "mean_abs_rhat_dot_bhat": 7.18027756101006e-09,
      "max_abs_rhat_dot_bhat": 6.750680575651202e-08,
      "n_valid": 800000,
      "n_total": 800000,
      "mean_angle_all_deg": 51.334693908691406,
      "mean_angle_top10_A_deg": 39.48371887207031,
      "mean_angle_top10_j_deg": 51.74757385253906,
      "mean_sin_theta": 0.720948338508606,
      "A_weighted_mean_sin_theta": 0.6805481910705566,
      "cov_A_sin_theta": -0.01747235655784607,
      "mean_A": 0.43248307704925537,
      "normalized_cov_A_sin_theta": -0.04040009305579406
    }
  ],
  "OUT_NPZ": "/home/idies/workspace/Storage/elenceq/mhd_work/jhtdb_mhd1024/processed/perpBL_v1/per_cube/perpBL_320_final15_v1_t0539_x1-320_y641-960_z1-320.npz"
}