{
  "description": "perpBL final15 320^3 cube",
  "stem": "t0118_x1-320_y321-640_z641-960",
  "cube_index": 2,
  "increment": "centered local-BL-perpendicular",
  "sigma_rule": "sigma_B(r)=r/2",
  "U_FILE": "/home/idies/workspace/Storage/elenceq/mhd_work/jhtdb_mhd1024/raw/mhd1024_velocity_t0118_x1-320_y321-640_z641-960.npy",
  "B_FILE": "/home/idies/workspace/Storage/elenceq/mhd_work/jhtdb_mhd1024/raw/mhd1024_magneticfield_t0118_x1-320_y321-640_z641-960.npy",
  "R_LIST": [
    32,
    40,
    48,
    64,
    80,
    96,
    128,
    160,
    192
  ],
  "N_SAMPLE": 100000,
  "NPHI": 8,
  "SEED": 14345,
  "BL_DOWNSAMPLE": 4,
  "summary": [
    {
      "r": 32,
      "sigma_full": 16.0,
      "sigma_ds": 4.0,
      "mean_abs_rhat_dot_bhat": 9.255336770887589e-09,
      "max_abs_rhat_dot_bhat": 7.089636222534779e-08,
      "n_valid": 800000,
      "n_total": 800000,
      "mean_angle_all_deg": 48.60106658935547,
      "mean_angle_top10_A_deg": 29.037900924682617,
      "mean_angle_top10_j_deg": 44.04517364501953,
      "mean_sin_theta": 0.6878056526184082,
      "A_weighted_mean_sin_theta": 0.5823056101799011,
      "cov_A_sin_theta": -0.028241634368896484,
      "mean_A": 0.26769307255744934,
      "normalized_cov_A_sin_theta": -0.10550005683406535
    },
    {
      "r": 40,
      "sigma_full": 20.0,
      "sigma_ds": 5.0,
      "mean_abs_rhat_dot_bhat": 9.182919107033433e-09,
      "max_abs_rhat_dot_bhat": 7.76146755199214e-08,
      "n_valid": 800000,
      "n_total": 800000,
      "mean_angle_all_deg": 49.37412643432617,
      "mean_angle_top10_A_deg": 31.076400756835938,
      "mean_angle_top10_j_deg": 46.51765441894531,
      "mean_sin_theta": 0.6970659494400024,
      "A_weighted_mean_sin_theta": 0.6111815571784973,
      "cov_A_sin_theta": -0.0254364013671875,
      "mean_A": 0.29617029428482056,
      "normalized_cov_A_sin_theta": -0.08588437752884785
    },
    {
      "r": 48,
      "sigma_full": 24.0,
      "sigma_ds": 6.0,
      "mean_abs_rhat_dot_bhat": 9.181660339201375e-09,
      "max_abs_rhat_dot_bhat": 7.295635456872063e-08,
      "n_valid": 800000,
      "n_total": 800000,
      "mean_angle_all_deg": 49.932220458984375,
      "mean_angle_top10_A_deg": 33.56075668334961,
      "mean_angle_top10_j_deg": 48.17919158935547,
      "mean_sin_theta": 0.7037910223007202,
      "A_weighted_mean_sin_theta": 0.633895993232727,
      "cov_A_sin_theta": -0.022658243775367737,
      "mean_A": 0.3241753876209259,
      "normalized_cov_A_sin_theta": -0.0698950156014408
    },
    {
      "r": 64,
      "sigma_full": 32.0,
      "sigma_ds": 8.0,
      "mean_abs_rhat_dot_bhat": 9.553423171248544e-09,
      "max_abs_rhat_dot_bhat": 7.350535125016933e-08,
      "n_valid": 800000,
      "n_total": 800000,
      "mean_angle_all_deg": 50.813228607177734,
      "mean_angle_top10_A_deg": 36.78872299194336,
      "mean_angle_top10_j_deg": 50.20782470703125,
      "mean_sin_theta": 0.7143087387084961,
      "A_weighted_mean_sin_theta": 0.6596288681030273,
      "cov_A_sin_theta": -0.020516976714134216,
      "mean_A": 0.3752197325229645,
      "normalized_cov_A_sin_theta": -0.054679898032490924
    },
    {
      "r": 80,
      "sigma_full": 40.0,
      "sigma_ds": 10.0,
      "mean_abs_rhat_dot_bhat": 1.0174208928765548e-08,
      "max_abs_rhat_dot_bhat": 6.711704297890364e-08,
      "n_valid": 800000,
      "n_total": 800000,
      "mean_angle_all_deg": 52.29213333129883,
      "mean_angle_top10_A_deg": 41.44944763183594,
      "mean_angle_top10_j_deg": 52.88362503051758,
      "mean_sin_theta": 0.7310178279876709,
      "A_weighted_mean_sin_theta": 0.6942459344863892,
      "cov_A_sin_theta": -0.015356838703155518,
      "mean_A": 0.41762351989746094,
      "normalized_cov_A_sin_theta": -0.03677196798428901
    },
    {
      "r": 96,
      "sigma_full": 48.0,
      "sigma_ds": 12.0,
      "mean_abs_rhat_dot_bhat": 1.0270016933013252e-08,
      "max_abs_rhat_dot_bhat": 7.490129649845301e-08,
      "n_valid": 800000,
      "n_total": 800000,
      "mean_angle_all_deg": 52.807403564453125,
      "mean_angle_top10_A_deg": 46.24985122680664,
      "mean_angle_top10_j_deg": 53.714229583740234,
      "mean_sin_theta": 0.7382608652114868,
      "A_weighted_mean_sin_theta": 0.7177303433418274,
      "cov_A_sin_theta": -0.009481877088546753,
      "mean_A": 0.4618426561355591,
      "normalized_cov_A_sin_theta": -0.020530535589513958
    },
    {
      "r": 128,
      "sigma_full": 64.0,
      "sigma_ds": 16.0,
      "mean_abs_rhat_dot_bhat": 1.061280196258196e-08,
      "max_abs_rhat_dot_bhat": 7.357660136708688e-08,
      "n_valid": 800000,
      "n_total": 800000,
      "mean_angle_all_deg": 52.679534912109375,
      "mean_angle_top10_A_deg": 51.92988204956055,
      "mean_angle_top10_j_deg": 53.5776481628418,
      "mean_sin_theta": 0.7348145842552185,
      "A_weighted_mean_sin_theta": 0.7272104024887085,
      "cov_A_sin_theta": -0.004109770059585571,
      "mean_A": 0.5404606461524963,
      "normalized_cov_A_sin_theta": -0.00760419854589368
    },
    {
      "r": 160,
      "sigma_full": 80.0,
      "sigma_ds": 20.0,
      "mean_abs_rhat_dot_bhat": 1.0917760871631082e-08,
      "max_abs_rhat_dot_bhat": 7.981265542911231e-08,
      "n_valid": 800000,
      "n_total": 800000,
      "mean_angle_all_deg": 52.137245178222656,
      "mean_angle_top10_A_deg": 52.84040069580078,
      "mean_angle_top10_j_deg": 52.49238204956055,
      "mean_sin_theta": 0.7277007699012756,
      "A_weighted_mean_sin_theta": 0.7175382375717163,
      "cov_A_sin_theta": -0.005948871374130249,
      "mean_A": 0.5853719711303711,
      "normalized_cov_A_sin_theta": -0.010162549058580304
    },
    {
      "r": 192,
      "sigma_full": 96.0,
      "sigma_ds": 24.0,
      "mean_abs_rhat_dot_bhat": 1.1106255068301429e-08,
      "max_abs_rhat_dot_bhat": 7.315651795458677e-08,
      "n_valid": 800000,
      "n_total": 800000,
      "mean_angle_all_deg": 50.61756134033203,
      "mean_angle_top10_A_deg": 48.106239318847656,
      "mean_angle_top10_j_deg": 50.63379669189453,
      "mean_sin_theta": 0.7117166519165039,
      "A_weighted_mean_sin_theta": 0.6951364874839783,
      "cov_A_sin_theta": -0.009631037712097168,
      "mean_A": 0.5808773040771484,
      "normalized_cov_A_sin_theta": -0.016580158399196184
    }
  ],
  "OUT_NPZ": "/home/idies/workspace/Storage/elenceq/mhd_work/jhtdb_mhd1024/processed/perpBL_v1/per_cube/perpBL_320_final15_v1_t0118_x1-320_y321-640_z641-960.npz"
}