{
  "description": "perpBL final15 320^3 cube",
  "stem": "t0218_x641-960_y641-960_z641-960",
  "cube_index": 4,
  "increment": "centered local-BL-perpendicular",
  "sigma_rule": "sigma_B(r)=r/2",
  "U_FILE": "/home/idies/workspace/Storage/elenceq/mhd_work/jhtdb_mhd1024/raw/mhd1024_velocity_t0218_x641-960_y641-960_z641-960.npy",
  "B_FILE": "/home/idies/workspace/Storage/elenceq/mhd_work/jhtdb_mhd1024/raw/mhd1024_magneticfield_t0218_x641-960_y641-960_z641-960.npy",
  "R_LIST": [
    32,
    40,
    48,
    64,
    80,
    96,
    128,
    160,
    192
  ],
  "N_SAMPLE": 100000,
  "NPHI": 8,
  "SEED": 16345,
  "BL_DOWNSAMPLE": 4,
  "summary": [
    {
      "r": 32,
      "sigma_full": 16.0,
      "sigma_ds": 4.0,
      "mean_abs_rhat_dot_bhat": 8.9755202369427e-09,
      "max_abs_rhat_dot_bhat": 6.957899550963376e-08,
      "n_valid": 800000,
      "n_total": 800000,
      "mean_angle_all_deg": 51.52627182006836,
      "mean_angle_top10_A_deg": 43.514251708984375,
      "mean_angle_top10_j_deg": 50.99949645996094,
      "mean_sin_theta": 0.7227243781089783,
      "A_weighted_mean_sin_theta": 0.6860803961753845,
      "cov_A_sin_theta": -0.007090091705322266,
      "mean_A": 0.1934855729341507,
      "normalized_cov_A_sin_theta": -0.036644032926089275
    },
    {
      "r": 40,
      "sigma_full": 20.0,
      "sigma_ds": 5.0,
      "mean_abs_rhat_dot_bhat": 8.961169637689655e-09,
      "max_abs_rhat_dot_bhat": 6.782523531700946e-08,
      "n_valid": 800000,
      "n_total": 800000,
      "mean_angle_all_deg": 51.432498931884766,
      "mean_angle_top10_A_deg": 43.056373596191406,
      "mean_angle_top10_j_deg": 49.80989074707031,
      "mean_sin_theta": 0.7213268876075745,
      "A_weighted_mean_sin_theta": 0.6830198764801025,
      "cov_A_sin_theta": -0.008607238531112671,
      "mean_A": 0.22469088435173035,
      "normalized_cov_A_sin_theta": -0.038307021470612615
    },
    {
      "r": 48,
      "sigma_full": 24.0,
      "sigma_ds": 6.0,
      "mean_abs_rhat_dot_bhat": 9.021599274821328e-09,
      "max_abs_rhat_dot_bhat": 6.889980785906857e-08,
      "n_valid": 800000,
      "n_total": 800000,
      "mean_angle_all_deg": 51.354434967041016,
      "mean_angle_top10_A_deg": 41.74015426635742,
      "mean_angle_top10_j_deg": 49.78315353393555,
      "mean_sin_theta": 0.7207015752792358,
      "A_weighted_mean_sin_theta": 0.6784324049949646,
      "cov_A_sin_theta": -0.010665252804756165,
      "mean_A": 0.2523173689842224,
      "normalized_cov_A_sin_theta": -0.04226919790616186
    },
    {
      "r": 64,
      "sigma_full": 32.0,
      "sigma_ds": 8.0,
      "mean_abs_rhat_dot_bhat": 9.022529882425358e-09,
      "max_abs_rhat_dot_bhat": 7.19226396217465e-08,
      "n_valid": 800000,
      "n_total": 800000,
      "mean_angle_all_deg": 50.401100158691406,
      "mean_angle_top10_A_deg": 37.717529296875,
      "mean_angle_top10_j_deg": 48.52170944213867,
      "mean_sin_theta": 0.7098127603530884,
      "A_weighted_mean_sin_theta": 0.6596336364746094,
      "cov_A_sin_theta": -0.01509733498096466,
      "mean_A": 0.3008689880371094,
      "normalized_cov_A_sin_theta": -0.05017909981171787
    },
    {
      "r": 80,
      "sigma_full": 40.0,
      "sigma_ds": 10.0,
      "mean_abs_rhat_dot_bhat": 9.00478681878834e-09,
      "max_abs_rhat_dot_bhat": 7.167389437512384e-08,
      "n_valid": 800000,
      "n_total": 800000,
      "mean_angle_all_deg": 49.80006408691406,
      "mean_angle_top10_A_deg": 38.33889389038086,
      "mean_angle_top10_j_deg": 48.0733757019043,
      "mean_sin_theta": 0.7031737565994263,
      "A_weighted_mean_sin_theta": 0.6595046520233154,
      "cov_A_sin_theta": -0.014773741364479065,
      "mean_A": 0.33831074833869934,
      "normalized_cov_A_sin_theta": -0.043669145710051024
    },
    {
      "r": 96,
      "sigma_full": 48.0,
      "sigma_ds": 12.0,
      "mean_abs_rhat_dot_bhat": 8.256535509599079e-09,
      "max_abs_rhat_dot_bhat": 7.138322810629205e-08,
      "n_valid": 800000,
      "n_total": 800000,
      "mean_angle_all_deg": 49.85742950439453,
      "mean_angle_top10_A_deg": 36.79867935180664,
      "mean_angle_top10_j_deg": 48.682655334472656,
      "mean_sin_theta": 0.7041494250297546,
      "A_weighted_mean_sin_theta": 0.6561369895935059,
      "cov_A_sin_theta": -0.018287718296051025,
      "mean_A": 0.38089555501937866,
      "normalized_cov_A_sin_theta": -0.048012422447724835
    },
    {
      "r": 128,
      "sigma_full": 64.0,
      "sigma_ds": 16.0,
      "mean_abs_rhat_dot_bhat": 7.940977839316834e-09,
      "max_abs_rhat_dot_bhat": 6.82466749224453e-08,
      "n_valid": 800000,
      "n_total": 800000,
      "mean_angle_all_deg": 49.30904006958008,
      "mean_angle_top10_A_deg": 35.465110778808594,
      "mean_angle_top10_j_deg": 47.878780364990234,
      "mean_sin_theta": 0.6979478001594543,
      "A_weighted_mean_sin_theta": 0.6465843319892883,
      "cov_A_sin_theta": -0.02208217978477478,
      "mean_A": 0.429919958114624,
      "normalized_cov_A_sin_theta": -0.05136346747337395
    },
    {
      "r": 160,
      "sigma_full": 80.0,
      "sigma_ds": 20.0,
      "mean_abs_rhat_dot_bhat": 8.030241772356822e-09,
      "max_abs_rhat_dot_bhat": 6.782370701174933e-08,
      "n_valid": 800000,
      "n_total": 800000,
      "mean_angle_all_deg": 48.110633850097656,
      "mean_angle_top10_A_deg": 33.993045806884766,
      "mean_angle_top10_j_deg": 45.77650451660156,
      "mean_sin_theta": 0.6851131319999695,
      "A_weighted_mean_sin_theta": 0.6355689167976379,
      "cov_A_sin_theta": -0.02310115098953247,
      "mean_A": 0.4662732481956482,
      "normalized_cov_A_sin_theta": -0.049544234156533105
    },
    {
      "r": 192,
      "sigma_full": 96.0,
      "sigma_ds": 24.0,
      "mean_abs_rhat_dot_bhat": 8.122148928198082e-09,
      "max_abs_rhat_dot_bhat": 6.3824211443686e-08,
      "n_valid": 800000,
      "n_total": 800000,
      "mean_angle_all_deg": 47.39777374267578,
      "mean_angle_top10_A_deg": 33.760643005371094,
      "mean_angle_top10_j_deg": 45.98714828491211,
      "mean_sin_theta": 0.6770039200782776,
      "A_weighted_mean_sin_theta": 0.6266864538192749,
      "cov_A_sin_theta": -0.024854838848114014,
      "mean_A": 0.4939602017402649,
      "normalized_cov_A_sin_theta": -0.050317492705987746
    }
  ],
  "OUT_NPZ": "/home/idies/workspace/Storage/elenceq/mhd_work/jhtdb_mhd1024/processed/perpBL_v1/per_cube/perpBL_320_final15_v1_t0218_x641-960_y641-960_z641-960.npz"
}