{
  "description": "perpBL final15 320^3 cube",
  "stem": "t0292_x641-960_y321-640_z641-960",
  "cube_index": 6,
  "increment": "centered local-BL-perpendicular",
  "sigma_rule": "sigma_B(r)=r/2",
  "U_FILE": "/home/idies/workspace/Storage/elenceq/mhd_work/jhtdb_mhd1024/raw/mhd1024_velocity_t0292_x641-960_y321-640_z641-960.npy",
  "B_FILE": "/home/idies/workspace/Storage/elenceq/mhd_work/jhtdb_mhd1024/raw/mhd1024_magneticfield_t0292_x641-960_y321-640_z641-960.npy",
  "R_LIST": [
    32,
    40,
    48,
    64,
    80,
    96,
    128,
    160,
    192
  ],
  "N_SAMPLE": 100000,
  "NPHI": 8,
  "SEED": 18345,
  "BL_DOWNSAMPLE": 4,
  "summary": [
    {
      "r": 32,
      "sigma_full": 16.0,
      "sigma_ds": 4.0,
      "mean_abs_rhat_dot_bhat": 8.016821264825752e-09,
      "max_abs_rhat_dot_bhat": 6.816854480895529e-08,
      "n_valid": 800000,
      "n_total": 800000,
      "mean_angle_all_deg": 51.55318069458008,
      "mean_angle_top10_A_deg": 39.297637939453125,
      "mean_angle_top10_j_deg": 49.39067077636719,
      "mean_sin_theta": 0.7219772934913635,
      "A_weighted_mean_sin_theta": 0.6633338928222656,
      "cov_A_sin_theta": -0.015403926372528076,
      "mean_A": 0.26267096400260925,
      "normalized_cov_A_sin_theta": -0.05864343031221015
    },
    {
      "r": 40,
      "sigma_full": 20.0,
      "sigma_ds": 5.0,
      "mean_abs_rhat_dot_bhat": 7.706799198433869e-09,
      "max_abs_rhat_dot_bhat": 6.777255032175411e-08,
      "n_valid": 800000,
      "n_total": 800000,
      "mean_angle_all_deg": 51.67213821411133,
      "mean_angle_top10_A_deg": 40.61196517944336,
      "mean_angle_top10_j_deg": 49.89907455444336,
      "mean_sin_theta": 0.723026692867279,
      "A_weighted_mean_sin_theta": 0.6733801960945129,
      "cov_A_sin_theta": -0.014838248491287231,
      "mean_A": 0.29887819290161133,
      "normalized_cov_A_sin_theta": -0.04964647419482987
    },
    {
      "r": 48,
      "sigma_full": 24.0,
      "sigma_ds": 6.0,
      "mean_abs_rhat_dot_bhat": 7.625322195053957e-09,
      "max_abs_rhat_dot_bhat": 6.909173494440424e-08,
      "n_valid": 800000,
      "n_total": 800000,
      "mean_angle_all_deg": 51.675048828125,
      "mean_angle_top10_A_deg": 41.46554183959961,
      "mean_angle_top10_j_deg": 49.57191467285156,
      "mean_sin_theta": 0.7231243848800659,
      "A_weighted_mean_sin_theta": 0.6793621182441711,
      "cov_A_sin_theta": -0.01445305347442627,
      "mean_A": 0.3302633464336395,
      "normalized_cov_A_sin_theta": -0.0437622086450043
    },
    {
      "r": 64,
      "sigma_full": 32.0,
      "sigma_ds": 8.0,
      "mean_abs_rhat_dot_bhat": 7.817489996307028e-09,
      "max_abs_rhat_dot_bhat": 6.789635656478943e-08,
      "n_valid": 800000,
      "n_total": 800000,
      "mean_angle_all_deg": 51.17308044433594,
      "mean_angle_top10_A_deg": 41.7257080078125,
      "mean_angle_top10_j_deg": 49.788291931152344,
      "mean_sin_theta": 0.7173858880996704,
      "A_weighted_mean_sin_theta": 0.6784794330596924,
      "cov_A_sin_theta": -0.014983028173446655,
      "mean_A": 0.3851040303707123,
      "normalized_cov_A_sin_theta": -0.038906443433021354
    },
    {
      "r": 80,
      "sigma_full": 40.0,
      "sigma_ds": 10.0,
      "mean_abs_rhat_dot_bhat": 8.143711944424986e-09,
      "max_abs_rhat_dot_bhat": 6.775933564240333e-08,
      "n_valid": 800000,
      "n_total": 800000,
      "mean_angle_all_deg": 50.52413558959961,
      "mean_angle_top10_A_deg": 41.379756927490234,
      "mean_angle_top10_j_deg": 49.250526428222656,
      "mean_sin_theta": 0.7101295590400696,
      "A_weighted_mean_sin_theta": 0.6694819331169128,
      "cov_A_sin_theta": -0.017473578453063965,
      "mean_A": 0.4298798739910126,
      "normalized_cov_A_sin_theta": -0.0406475843840721
    },
    {
      "r": 96,
      "sigma_full": 48.0,
      "sigma_ds": 12.0,
      "mean_abs_rhat_dot_bhat": 8.585294030272403e-09,
      "max_abs_rhat_dot_bhat": 7.114285888176752e-08,
      "n_valid": 800000,
      "n_total": 800000,
      "mean_angle_all_deg": 50.292781829833984,
      "mean_angle_top10_A_deg": 41.32693099975586,
      "mean_angle_top10_j_deg": 49.94843292236328,
      "mean_sin_theta": 0.7072455286979675,
      "A_weighted_mean_sin_theta": 0.6702473759651184,
      "cov_A_sin_theta": -0.01747441291809082,
      "mean_A": 0.4723046123981476,
      "normalized_cov_A_sin_theta": -0.036998183924911755
    },
    {
      "r": 128,
      "sigma_full": 64.0,
      "sigma_ds": 16.0,
      "mean_abs_rhat_dot_bhat": 9.50631248388465e-09,
      "max_abs_rhat_dot_bhat": 8.017639607782456e-08,
      "n_valid": 800000,
      "n_total": 800000,
      "mean_angle_all_deg": 49.183204650878906,
      "mean_angle_top10_A_deg": 37.280033111572266,
      "mean_angle_top10_j_deg": 48.975250244140625,
      "mean_sin_theta": 0.6942592859268188,
      "A_weighted_mean_sin_theta": 0.6499953269958496,
      "cov_A_sin_theta": -0.023382753133773804,
      "mean_A": 0.5282580256462097,
      "normalized_cov_A_sin_theta": -0.044263886204416965
    },
    {
      "r": 160,
      "sigma_full": 80.0,
      "sigma_ds": 20.0,
      "mean_abs_rhat_dot_bhat": 1.0341818384509944e-08,
      "max_abs_rhat_dot_bhat": 7.427806536508541e-08,
      "n_valid": 800000,
      "n_total": 800000,
      "mean_angle_all_deg": 50.475425720214844,
      "mean_angle_top10_A_deg": 39.325927734375,
      "mean_angle_top10_j_deg": 50.17036056518555,
      "mean_sin_theta": 0.709257960319519,
      "A_weighted_mean_sin_theta": 0.671333372592926,
      "cov_A_sin_theta": -0.020680934190750122,
      "mean_A": 0.5453166961669922,
      "normalized_cov_A_sin_theta": -0.037924630469075175
    },
    {
      "r": 192,
      "sigma_full": 96.0,
      "sigma_ds": 24.0,
      "mean_abs_rhat_dot_bhat": 1.0468516314215852e-08,
      "max_abs_rhat_dot_bhat": 7.371304994174821e-08,
      "n_valid": 800000,
      "n_total": 800000,
      "mean_angle_all_deg": 51.56495666503906,
      "mean_angle_top10_A_deg": 40.72568893432617,
      "mean_angle_top10_j_deg": 51.47556686401367,
      "mean_sin_theta": 0.7220165133476257,
      "A_weighted_mean_sin_theta": 0.6871621012687683,
      "cov_A_sin_theta": -0.018871158361434937,
      "mean_A": 0.5414277911186218,
      "normalized_cov_A_sin_theta": -0.03485443243030804
    }
  ],
  "OUT_NPZ": "/home/idies/workspace/Storage/elenceq/mhd_work/jhtdb_mhd1024/processed/perpBL_v1/per_cube/perpBL_320_final15_v1_t0292_x641-960_y321-640_z641-960.npz"
}