{
  "description": "perpBL final15 320^3 cube",
  "stem": "t0022_x321-640_y641-960_z641-960",
  "cube_index": 1,
  "increment": "centered local-BL-perpendicular",
  "sigma_rule": "sigma_B(r)=r/2",
  "U_FILE": "/home/idies/workspace/Storage/elenceq/mhd_work/jhtdb_mhd1024/raw/mhd1024_velocity_t0022_x321-640_y641-960_z641-960.npy",
  "B_FILE": "/home/idies/workspace/Storage/elenceq/mhd_work/jhtdb_mhd1024/raw/mhd1024_magneticfield_t0022_x321-640_y641-960_z641-960.npy",
  "R_LIST": [
    32,
    40,
    48,
    64,
    80,
    96,
    128,
    160,
    192
  ],
  "N_SAMPLE": 100000,
  "NPHI": 8,
  "SEED": 13345,
  "BL_DOWNSAMPLE": 4,
  "summary": [
    {
      "r": 32,
      "sigma_full": 16.0,
      "sigma_ds": 4.0,
      "mean_abs_rhat_dot_bhat": 7.747845960214546e-09,
      "max_abs_rhat_dot_bhat": 7.340966867719345e-08,
      "n_valid": 800000,
      "n_total": 800000,
      "mean_angle_all_deg": 49.079124450683594,
      "mean_angle_top10_A_deg": 28.914281845092773,
      "mean_angle_top10_j_deg": 46.022220611572266,
      "mean_sin_theta": 0.690496563911438,
      "A_weighted_mean_sin_theta": 0.5858062505722046,
      "cov_A_sin_theta": -0.03545142710208893,
      "mean_A": 0.33863162994384766,
      "normalized_cov_A_sin_theta": -0.1046902414519504
    },
    {
      "r": 40,
      "sigma_full": 20.0,
      "sigma_ds": 5.0,
      "mean_abs_rhat_dot_bhat": 7.5382964772278e-09,
      "max_abs_rhat_dot_bhat": 6.931564561218906e-08,
      "n_valid": 800000,
      "n_total": 800000,
      "mean_angle_all_deg": 49.6771240234375,
      "mean_angle_top10_A_deg": 29.911775588989258,
      "mean_angle_top10_j_deg": 46.98556137084961,
      "mean_sin_theta": 0.6974409222602844,
      "A_weighted_mean_sin_theta": 0.6006301641464233,
      "cov_A_sin_theta": -0.03635363280773163,
      "mean_A": 0.3755122721195221,
      "normalized_cov_A_sin_theta": -0.09681077159619593
    },
    {
      "r": 48,
      "sigma_full": 24.0,
      "sigma_ds": 6.0,
      "mean_abs_rhat_dot_bhat": 7.400877946298044e-09,
      "max_abs_rhat_dot_bhat": 6.716982797749793e-08,
      "n_valid": 800000,
      "n_total": 800000,
      "mean_angle_all_deg": 50.498451232910156,
      "mean_angle_top10_A_deg": 32.53359603881836,
      "mean_angle_top10_j_deg": 47.873207092285156,
      "mean_sin_theta": 0.7074229121208191,
      "A_weighted_mean_sin_theta": 0.6251521110534668,
      "cov_A_sin_theta": -0.033490538597106934,
      "mean_A": 0.4070764183998108,
      "normalized_cov_A_sin_theta": -0.08227088842128444
    },
    {
      "r": 64,
      "sigma_full": 32.0,
      "sigma_ds": 8.0,
      "mean_abs_rhat_dot_bhat": 7.440548085879218e-09,
      "max_abs_rhat_dot_bhat": 7.296083048835555e-08,
      "n_valid": 800000,
      "n_total": 800000,
      "mean_angle_all_deg": 51.43693542480469,
      "mean_angle_top10_A_deg": 38.242801666259766,
      "mean_angle_top10_j_deg": 49.071712493896484,
      "mean_sin_theta": 0.719385027885437,
      "A_weighted_mean_sin_theta": 0.6680179238319397,
      "cov_A_sin_theta": -0.023454934358596802,
      "mean_A": 0.45661401748657227,
      "normalized_cov_A_sin_theta": -0.05136709224938883
    },
    {
      "r": 80,
      "sigma_full": 40.0,
      "sigma_ds": 10.0,
      "mean_abs_rhat_dot_bhat": 7.51516705447626e-09,
      "max_abs_rhat_dot_bhat": 7.39938425531328e-08,
      "n_valid": 800000,
      "n_total": 800000,
      "mean_angle_all_deg": 52.0492057800293,
      "mean_angle_top10_A_deg": 42.106842041015625,
      "mean_angle_top10_j_deg": 50.105567932128906,
      "mean_sin_theta": 0.7274060845375061,
      "A_weighted_mean_sin_theta": 0.6921218037605286,
      "cov_A_sin_theta": -0.01774737238883972,
      "mean_A": 0.5029826760292053,
      "normalized_cov_A_sin_theta": -0.035284261734313156
    },
    {
      "r": 96,
      "sigma_full": 48.0,
      "sigma_ds": 12.0,
      "mean_abs_rhat_dot_bhat": 7.512501772588665e-09,
      "max_abs_rhat_dot_bhat": 6.943855979102409e-08,
      "n_valid": 800000,
      "n_total": 800000,
      "mean_angle_all_deg": 51.88214111328125,
      "mean_angle_top10_A_deg": 42.91909408569336,
      "mean_angle_top10_j_deg": 49.813385009765625,
      "mean_sin_theta": 0.7271963357925415,
      "A_weighted_mean_sin_theta": 0.6964649558067322,
      "cov_A_sin_theta": -0.01687750220298767,
      "mean_A": 0.5491949915885925,
      "normalized_cov_A_sin_theta": -0.030731347629679
    },
    {
      "r": 128,
      "sigma_full": 64.0,
      "sigma_ds": 16.0,
      "mean_abs_rhat_dot_bhat": 7.672016454239326e-09,
      "max_abs_rhat_dot_bhat": 6.862925788775343e-08,
      "n_valid": 800000,
      "n_total": 800000,
      "mean_angle_all_deg": 51.07973861694336,
      "mean_angle_top10_A_deg": 45.93958282470703,
      "mean_angle_top10_j_deg": 50.301998138427734,
      "mean_sin_theta": 0.7179384231567383,
      "A_weighted_mean_sin_theta": 0.6968314051628113,
      "cov_A_sin_theta": -0.013094812631607056,
      "mean_A": 0.6204016208648682,
      "normalized_cov_A_sin_theta": -0.021106992940076928
    },
    {
      "r": 160,
      "sigma_full": 80.0,
      "sigma_ds": 20.0,
      "mean_abs_rhat_dot_bhat": 8.50727422895048e-09,
      "max_abs_rhat_dot_bhat": 7.054816636431482e-08,
      "n_valid": 800000,
      "n_total": 800000,
      "mean_angle_all_deg": 50.74575424194336,
      "mean_angle_top10_A_deg": 43.534934997558594,
      "mean_angle_top10_j_deg": 50.74268341064453,
      "mean_sin_theta": 0.7148319482803345,
      "A_weighted_mean_sin_theta": 0.6914939284324646,
      "cov_A_sin_theta": -0.014858484268188477,
      "mean_A": 0.6366640329360962,
      "normalized_cov_A_sin_theta": -0.023338029949117396
    },
    {
      "r": 192,
      "sigma_full": 96.0,
      "sigma_ds": 24.0,
      "mean_abs_rhat_dot_bhat": 9.374359058824051e-09,
      "max_abs_rhat_dot_bhat": 7.858895750834094e-08,
      "n_valid": 800000,
      "n_total": 800000,
      "mean_angle_all_deg": 51.21424102783203,
      "mean_angle_top10_A_deg": 45.144256591796875,
      "mean_angle_top10_j_deg": 52.10537338256836,
      "mean_sin_theta": 0.7188653945922852,
      "A_weighted_mean_sin_theta": 0.6956084370613098,
      "cov_A_sin_theta": -0.014597207307815552,
      "mean_A": 0.6276495456695557,
      "normalized_cov_A_sin_theta": -0.0232569391765332
    }
  ],
  "OUT_NPZ": "/home/idies/workspace/Storage/elenceq/mhd_work/jhtdb_mhd1024/processed/perpBL_v1/per_cube/perpBL_320_final15_v1_t0022_x321-640_y641-960_z641-960.npz"
}