{
  "description": "perpBL final15 320^3 cube",
  "stem": "t0843_x641-960_y1-320_z321-640",
  "cube_index": 14,
  "increment": "centered local-BL-perpendicular",
  "sigma_rule": "sigma_B(r)=r/2",
  "U_FILE": "/home/idies/workspace/Storage/elenceq/mhd_work/jhtdb_mhd1024/raw/mhd1024_velocity_t0843_x641-960_y1-320_z321-640.npy",
  "B_FILE": "/home/idies/workspace/Storage/elenceq/mhd_work/jhtdb_mhd1024/raw/mhd1024_magneticfield_t0843_x641-960_y1-320_z321-640.npy",
  "R_LIST": [
    32,
    40,
    48,
    64,
    80,
    96,
    128,
    160,
    192
  ],
  "N_SAMPLE": 100000,
  "NPHI": 8,
  "SEED": 26345,
  "BL_DOWNSAMPLE": 4,
  "summary": [
    {
      "r": 32,
      "sigma_full": 16.0,
      "sigma_ds": 4.0,
      "mean_abs_rhat_dot_bhat": 9.063530287402384e-09,
      "max_abs_rhat_dot_bhat": 6.623099818581224e-08,
      "n_valid": 800000,
      "n_total": 800000,
      "mean_angle_all_deg": 46.03261184692383,
      "mean_angle_top10_A_deg": 24.102142333984375,
      "mean_angle_top10_j_deg": 40.75372314453125,
      "mean_sin_theta": 0.6570133566856384,
      "A_weighted_mean_sin_theta": 0.5333933234214783,
      "cov_A_sin_theta": -0.04179449379444122,
      "mean_A": 0.33808836340904236,
      "normalized_cov_A_sin_theta": -0.12362003049444027
    },
    {
      "r": 40,
      "sigma_full": 20.0,
      "sigma_ds": 5.0,
      "mean_abs_rhat_dot_bhat": 8.689760340168844e-09,
      "max_abs_rhat_dot_bhat": 6.95290457430886e-08,
      "n_valid": 800000,
      "n_total": 800000,
      "mean_angle_all_deg": 44.98495101928711,
      "mean_angle_top10_A_deg": 24.050155639648438,
      "mean_angle_top10_j_deg": 40.86886215209961,
      "mean_sin_theta": 0.6455187797546387,
      "A_weighted_mean_sin_theta": 0.5333814024925232,
      "cov_A_sin_theta": -0.042521193623542786,
      "mean_A": 0.3791884481906891,
      "normalized_cov_A_sin_theta": -0.112137365540628
    },
    {
      "r": 48,
      "sigma_full": 24.0,
      "sigma_ds": 6.0,
      "mean_abs_rhat_dot_bhat": 8.308500400878717e-09,
      "max_abs_rhat_dot_bhat": 7.018260228530693e-08,
      "n_valid": 800000,
      "n_total": 800000,
      "mean_angle_all_deg": 44.42816162109375,
      "mean_angle_top10_A_deg": 23.161062240600586,
      "mean_angle_top10_j_deg": 41.48556137084961,
      "mean_sin_theta": 0.6392179131507874,
      "A_weighted_mean_sin_theta": 0.5288856625556946,
      "cov_A_sin_theta": -0.045668378472328186,
      "mean_A": 0.41391679644584656,
      "normalized_cov_A_sin_theta": -0.11033226693013183
    },
    {
      "r": 64,
      "sigma_full": 32.0,
      "sigma_ds": 8.0,
      "mean_abs_rhat_dot_bhat": 7.870171997079699e-09,
      "max_abs_rhat_dot_bhat": 7.346142422148816e-08,
      "n_valid": 800000,
      "n_total": 800000,
      "mean_angle_all_deg": 44.12141418457031,
      "mean_angle_top10_A_deg": 22.410940170288086,
      "mean_angle_top10_j_deg": 42.88079833984375,
      "mean_sin_theta": 0.6355504393577576,
      "A_weighted_mean_sin_theta": 0.5319837331771851,
      "cov_A_sin_theta": -0.04814358055591583,
      "mean_A": 0.46485579013824463,
      "normalized_cov_A_sin_theta": -0.10356670085059776
    },
    {
      "r": 80,
      "sigma_full": 40.0,
      "sigma_ds": 10.0,
      "mean_abs_rhat_dot_bhat": 8.02634814967727e-09,
      "max_abs_rhat_dot_bhat": 7.08933261539535e-08,
      "n_valid": 800000,
      "n_total": 800000,
      "mean_angle_all_deg": 44.36014175415039,
      "mean_angle_top10_A_deg": 24.006790161132812,
      "mean_angle_top10_j_deg": 43.382904052734375,
      "mean_sin_theta": 0.6396322846412659,
      "A_weighted_mean_sin_theta": 0.5450674295425415,
      "cov_A_sin_theta": -0.04741427302360535,
      "mean_A": 0.5013938546180725,
      "normalized_cov_A_sin_theta": -0.0945649265281129
    },
    {
      "r": 96,
      "sigma_full": 48.0,
      "sigma_ds": 12.0,
      "mean_abs_rhat_dot_bhat": 8.615884135166572e-09,
      "max_abs_rhat_dot_bhat": 7.318717865079094e-08,
      "n_valid": 800000,
      "n_total": 800000,
      "mean_angle_all_deg": 45.012813568115234,
      "mean_angle_top10_A_deg": 25.89371109008789,
      "mean_angle_top10_j_deg": 44.21892166137695,
      "mean_sin_theta": 0.648021936416626,
      "A_weighted_mean_sin_theta": 0.5623995661735535,
      "cov_A_sin_theta": -0.04480677843093872,
      "mean_A": 0.5233067274093628,
      "normalized_cov_A_sin_theta": -0.08562240094400334
    },
    {
      "r": 128,
      "sigma_full": 64.0,
      "sigma_ds": 16.0,
      "mean_abs_rhat_dot_bhat": 9.921598846302198e-09,
      "max_abs_rhat_dot_bhat": 7.016682052052303e-08,
      "n_valid": 800000,
      "n_total": 800000,
      "mean_angle_all_deg": 46.101219177246094,
      "mean_angle_top10_A_deg": 28.15012550354004,
      "mean_angle_top10_j_deg": 45.434776306152344,
      "mean_sin_theta": 0.6608959436416626,
      "A_weighted_mean_sin_theta": 0.5824307203292847,
      "cov_A_sin_theta": -0.04331269860267639,
      "mean_A": 0.551998496055603,
      "normalized_cov_A_sin_theta": -0.07846524748196684
    },
    {
      "r": 160,
      "sigma_full": 80.0,
      "sigma_ds": 20.0,
      "mean_abs_rhat_dot_bhat": 1.1278490525730013e-08,
      "max_abs_rhat_dot_bhat": 7.689879594208193e-08,
      "n_valid": 800000,
      "n_total": 800000,
      "mean_angle_all_deg": 46.151588439941406,
      "mean_angle_top10_A_deg": 27.22269058227539,
      "mean_angle_top10_j_deg": 45.7297477722168,
      "mean_sin_theta": 0.6618314981460571,
      "A_weighted_mean_sin_theta": 0.5793173909187317,
      "cov_A_sin_theta": -0.04874277114868164,
      "mean_A": 0.5907207131385803,
      "normalized_cov_A_sin_theta": -0.08251407148008168
    },
    {
      "r": 192,
      "sigma_full": 96.0,
      "sigma_ds": 24.0,
      "mean_abs_rhat_dot_bhat": 1.2261080646793254e-08,
      "max_abs_rhat_dot_bhat": 8.090510139613372e-08,
      "n_valid": 800000,
      "n_total": 800000,
      "mean_angle_all_deg": 45.54161834716797,
      "mean_angle_top10_A_deg": 27.276052474975586,
      "mean_angle_top10_j_deg": 44.595802307128906,
      "mean_sin_theta": 0.6561203002929688,
      "A_weighted_mean_sin_theta": 0.5765941143035889,
      "cov_A_sin_theta": -0.0472123920917511,
      "mean_A": 0.5936707258224487,
      "normalized_cov_A_sin_theta": -0.07952622563011652
    }
  ],
  "OUT_NPZ": "/home/idies/workspace/Storage/elenceq/mhd_work/jhtdb_mhd1024/processed/perpBL_v1/per_cube/perpBL_320_final15_v1_t0843_x641-960_y1-320_z321-640.npz"
}